timestamp,ticker,asset,flow_usd_m
2024-07-23,ETHA,ETH,266.5
2024-07-23,FETH,ETH,71.3
2024-07-23,ETHW,ETH,204.0
2024-07-23,TETH,ETH,7.5
2024-07-23,ETHV,ETH,7.6
2024-07-23,QETH,ETH,5.5
2024-07-23,EZET,ETH,13.2
2024-07-23,ETHE,ETH,-484.1
2024-07-23,ETH,ETH,15.1
2024-07-24,ETHA,ETH,17.4
2024-07-24,FETH,ETH,74.5
2024-07-24,ETHW,ETH,29.6
2024-07-24,TETH,ETH,0.0
2024-07-24,ETHV,ETH,19.8
2024-07-24,QETH,ETH,2.5
2024-07-24,EZET,ETH,3.9
2024-07-24,ETHE,ETH,-326.9
2024-07-24,ETH,ETH,45.9
2024-07-25,ETHA,ETH,70.9
2024-07-25,FETH,ETH,34.3
2024-07-25,ETHW,ETH,16.3
2024-07-25,TETH,ETH,0.0
2024-07-25,ETHV,ETH,8.0
2024-07-25,QETH,ETH,6.2
2024-07-25,EZET,ETH,0.0
2024-07-25,ETHE,ETH,-346.2
2024-07-25,ETH,ETH,58.1
2024-07-26,ETHA,ETH,87.2
2024-07-26,FETH,ETH,39.3
2024-07-26,ETHW,ETH,16.0
2024-07-26,TETH,ETH,0.0
2024-07-26,ETHV,ETH,0.0
2024-07-26,QETH,ETH,0.0
2024-07-26,EZET,ETH,6.2
2024-07-26,ETHE,ETH,-356.3
2024-07-26,ETH,ETH,44.9
2024-07-29,ETHA,ETH,58.2
2024-07-29,FETH,ETH,24.8
2024-07-29,ETHW,ETH,10.4
2024-07-29,TETH,ETH,0.0
2024-07-29,ETHV,ETH,10.9
2024-07-29,QETH,ETH,0.0
2024-07-29,EZET,ETH,2.5
2024-07-29,ETHE,ETH,-210.0
2024-07-29,ETH,ETH,4.9
2024-07-30,ETHA,ETH,118.0
2024-07-30,FETH,ETH,16.4
2024-07-30,ETHW,ETH,3.5
2024-07-30,TETH,ETH,0.0
2024-07-30,ETHV,ETH,0.0
2024-07-30,QETH,ETH,0.0
2024-07-30,EZET,ETH,3.7
2024-07-30,ETHE,ETH,-120.3
2024-07-30,ETH,ETH,12.4
2024-07-31,ETHA,ETH,5.0
2024-07-31,FETH,ETH,18.8
2024-07-31,ETHW,ETH,4.7
2024-07-31,TETH,ETH,3.3
2024-07-31,ETHV,ETH,4.8
2024-07-31,QETH,ETH,0.0
2024-07-31,EZET,ETH,0.0
2024-07-31,ETHE,ETH,-133.3
2024-07-31,ETH,ETH,19.5
2024-08-01,ETHA,ETH,89.6
2024-08-01,FETH,ETH,11.7
2024-08-01,ETHW,ETH,3.4
2024-08-01,TETH,ETH,0.0
2024-08-01,ETHV,ETH,0.0
2024-08-01,QETH,ETH,0.0
2024-08-01,EZET,ETH,0.0
2024-08-01,ETHE,ETH,-78.0
2024-08-01,ETH,ETH,0.0
2024-08-02,ETHA,ETH,0.0
2024-08-02,FETH,ETH,6.0
2024-08-02,ETHW,ETH,0.0
2024-08-02,TETH,ETH,0.0
2024-08-02,ETHV,ETH,0.0
2024-08-02,QETH,ETH,0.0
2024-08-02,EZET,ETH,1.1
2024-08-02,ETHE,ETH,-61.4
2024-08-02,ETH,ETH,0.0
2024-08-05,ETHA,ETH,47.1
2024-08-05,FETH,ETH,16.2
2024-08-05,ETHW,ETH,7.2
2024-08-05,TETH,ETH,0.0
2024-08-05,ETHV,ETH,16.6
2024-08-05,QETH,ETH,0.0
2024-08-05,EZET,ETH,0.9
2024-08-05,ETHE,ETH,-46.8
2024-08-05,ETH,ETH,7.6
2024-08-06,ETHA,ETH,109.9
2024-08-06,FETH,ETH,22.5
2024-08-06,ETHW,ETH,0.0
2024-08-06,TETH,ETH,0.0
2024-08-06,ETHV,ETH,0.0
2024-08-06,QETH,ETH,0.0
2024-08-06,EZET,ETH,1.0
2024-08-06,ETHE,ETH,-39.7
2024-08-06,ETH,ETH,4.7
2024-08-07,ETHA,ETH,0.0
2024-08-07,FETH,ETH,4.7
2024-08-07,ETHW,ETH,1.7
2024-08-07,TETH,ETH,0.0
2024-08-07,ETHV,ETH,0.0
2024-08-07,QETH,ETH,0.0
2024-08-07,EZET,ETH,1.8
2024-08-07,ETHE,ETH,-31.9
2024-08-07,ETH,ETH,0.0
2024-08-08,ETHA,ETH,11.7
2024-08-08,FETH,ETH,-2.6
2024-08-08,ETHW,ETH,2.8
2024-08-08,TETH,ETH,0.0
2024-08-08,ETHV,ETH,0.0
2024-08-08,QETH,ETH,0.0
2024-08-08,EZET,ETH,0.0
2024-08-08,ETHE,ETH,-19.8
2024-08-08,ETH,ETH,5.0
2024-08-09,ETHA,ETH,19.6
2024-08-09,FETH,ETH,3.9
2024-08-09,ETHW,ETH,0.0
2024-08-09,TETH,ETH,0.0
2024-08-09,ETHV,ETH,0.0
2024-08-09,QETH,ETH,0.0
2024-08-09,EZET,ETH,0.0
2024-08-09,ETHE,ETH,-41.7
2024-08-09,ETH,ETH,2.4
2024-08-12,ETHA,ETH,0.0
2024-08-12,FETH,ETH,4.0
2024-08-12,ETHW,ETH,2.9
2024-08-12,TETH,ETH,0.0
2024-08-12,ETHV,ETH,-2.9
2024-08-12,QETH,ETH,0.0
2024-08-12,EZET,ETH,1.0
2024-08-12,ETHE,ETH,0.0
2024-08-12,ETH,ETH,0.0
2024-08-13,ETHA,ETH,49.1
2024-08-13,FETH,ETH,5.4
2024-08-13,ETHW,ETH,0.0
2024-08-13,TETH,ETH,0.0
2024-08-13,ETHV,ETH,0.0
2024-08-13,QETH,ETH,0.8
2024-08-13,EZET,ETH,0.0
2024-08-13,ETHE,ETH,-31.0
2024-08-13,ETH,ETH,0.0
2024-08-14,ETHA,ETH,16.1
2024-08-14,FETH,ETH,6.6
2024-08-14,ETHW,ETH,2.7
2024-08-14,TETH,ETH,0.0
2024-08-14,ETHV,ETH,0.0
2024-08-14,QETH,ETH,0.0
2024-08-14,EZET,ETH,0.0
2024-08-14,ETHE,ETH,-16.9
2024-08-14,ETH,ETH,2.3
2024-08-15,ETHA,ETH,0.8
2024-08-15,FETH,ETH,2.5
2024-08-15,ETHW,ETH,0.0
2024-08-15,TETH,ETH,0.0
2024-08-15,ETHV,ETH,0.0
2024-08-15,QETH,ETH,0.0
2024-08-15,EZET,ETH,0.0
2024-08-15,ETHE,ETH,-42.5
2024-08-15,ETH,ETH,0.0
2024-08-16,ETHA,ETH,10.3
2024-08-16,FETH,ETH,7.2
2024-08-16,ETHW,ETH,0.0
2024-08-16,TETH,ETH,0.0
2024-08-16,ETHV,ETH,-4.8
2024-08-16,QETH,ETH,0.0
2024-08-16,EZET,ETH,0.0
2024-08-16,ETHE,ETH,-27.7
2024-08-16,ETH,ETH,0.0
2024-08-19,ETHA,ETH,0.0
2024-08-19,FETH,ETH,0.0
2024-08-19,ETHW,ETH,1.9
2024-08-19,TETH,ETH,0.0
2024-08-19,ETHV,ETH,0.0
2024-08-19,QETH,ETH,0.0
2024-08-19,EZET,ETH,0.0
2024-08-19,ETHE,ETH,-20.3
2024-08-19,ETH,ETH,4.9
2024-08-20,ETHA,ETH,26.8
2024-08-20,FETH,ETH,0.0
2024-08-20,ETHW,ETH,3.7
2024-08-20,TETH,ETH,0.0
2024-08-20,ETHV,ETH,0.0
2024-08-20,QETH,ETH,0.0
2024-08-20,EZET,ETH,0.0
2024-08-20,ETHE,ETH,-37.0
2024-08-20,ETH,ETH,0.0
2024-08-21,ETHA,ETH,0.0
2024-08-21,FETH,ETH,7.9
2024-08-21,ETHW,ETH,0.0
2024-08-21,TETH,ETH,0.0
2024-08-21,ETHV,ETH,0.0
2024-08-21,QETH,ETH,0.0
2024-08-21,EZET,ETH,1.0
2024-08-21,ETHE,ETH,-31.1
2024-08-21,ETH,ETH,4.2
2024-08-22,ETHA,ETH,0.0
2024-08-22,FETH,ETH,14.3
2024-08-22,ETHW,ETH,0.0
2024-08-22,TETH,ETH,0.0
2024-08-22,ETHV,ETH,1.0
2024-08-22,QETH,ETH,0.0
2024-08-22,EZET,ETH,0.0
2024-08-22,ETHE,ETH,-19.8
2024-08-22,ETH,ETH,3.7
2024-08-23,ETHA,ETH,0.0
2024-08-23,FETH,ETH,0.7
2024-08-23,ETHW,ETH,1.4
2024-08-23,TETH,ETH,0.0
2024-08-23,ETHV,ETH,2.0
2024-08-23,QETH,ETH,0.0
2024-08-23,EZET,ETH,0.0
2024-08-23,ETHE,ETH,-9.8
2024-08-23,ETH,ETH,0.0
2024-08-26,ETHA,ETH,0.0
2024-08-26,FETH,ETH,-2.7
2024-08-26,ETHW,ETH,0.0
2024-08-26,TETH,ETH,0.0
2024-08-26,ETHV,ETH,0.0
2024-08-26,QETH,ETH,0.0
2024-08-26,EZET,ETH,-1.0
2024-08-26,ETHE,ETH,-9.5
2024-08-26,ETH,ETH,0.0
2024-08-27,ETHA,ETH,0.0
2024-08-27,FETH,ETH,3.9
2024-08-27,ETHW,ETH,1.9
2024-08-27,TETH,ETH,0.0
2024-08-27,ETHV,ETH,0.0
2024-08-27,QETH,ETH,0.0
2024-08-27,EZET,ETH,0.0
2024-08-27,ETHE,ETH,-9.2
2024-08-27,ETH,ETH,0.0
2024-08-28,ETHA,ETH,8.4
2024-08-28,FETH,ETH,1.3
2024-08-28,ETHW,ETH,0.0
2024-08-28,TETH,ETH,0.0
2024-08-28,ETHV,ETH,0.0
2024-08-28,QETH,ETH,0.0
2024-08-28,EZET,ETH,0.0
2024-08-28,ETHE,ETH,-3.8
2024-08-28,ETH,ETH,0.0
2024-08-29,ETHA,ETH,0.0
2024-08-29,FETH,ETH,0.0
2024-08-29,ETHW,ETH,0.0
2024-08-29,TETH,ETH,0.0
2024-08-29,ETHV,ETH,0.0
2024-08-29,QETH,ETH,0.0
2024-08-29,EZET,ETH,0.0
2024-08-29,ETHE,ETH,-5.3
2024-08-29,ETH,ETH,3.6
2024-08-30,ETHA,ETH,0.0
2024-08-30,FETH,ETH,0.0
2024-08-30,ETHW,ETH,0.0
2024-08-30,TETH,ETH,0.0
2024-08-30,ETHV,ETH,0.0
2024-08-30,QETH,ETH,0.0
2024-08-30,EZET,ETH,0.0
2024-08-30,ETHE,ETH,0.0
2024-08-30,ETH,ETH,0.0
2024-09-03,ETHA,ETH,0.0
2024-09-03,FETH,ETH,4.9
2024-09-03,ETHW,ETH,0.0
2024-09-03,TETH,ETH,0.0
2024-09-03,ETHV,ETH,0.0
2024-09-03,QETH,ETH,0.0
2024-09-03,EZET,ETH,0.0
2024-09-03,ETHE,ETH,-52.3
2024-09-03,ETH,ETH,0.0
2024-09-04,ETHA,ETH,0.0
2024-09-04,FETH,ETH,0.0
2024-09-04,ETHW,ETH,0.0
2024-09-04,TETH,ETH,0.0
2024-09-04,ETHV,ETH,0.0
2024-09-04,QETH,ETH,0.0
2024-09-04,EZET,ETH,0.0
2024-09-04,ETHE,ETH,-40.6
2024-09-04,ETH,ETH,3.1
2024-09-05,ETHA,ETH,0.0
2024-09-05,FETH,ETH,0.0
2024-09-05,ETHW,ETH,0.0
2024-09-05,TETH,ETH,0.0
2024-09-05,ETHV,ETH,0.0
2024-09-05,QETH,ETH,0.0
2024-09-05,EZET,ETH,0.0
2024-09-05,ETHE,ETH,-7.4
2024-09-05,ETH,ETH,7.2
2024-09-06,ETHA,ETH,4.7
2024-09-06,FETH,ETH,0.0
2024-09-06,ETHW,ETH,0.0
2024-09-06,TETH,ETH,0.0
2024-09-06,ETHV,ETH,0.0
2024-09-06,QETH,ETH,0.0
2024-09-06,EZET,ETH,0.0
2024-09-06,ETHE,ETH,-10.7
2024-09-06,ETH,ETH,0.0
2024-09-09,ETHA,ETH,0.0
2024-09-09,FETH,ETH,7.6
2024-09-09,ETHW,ETH,1.8
2024-09-09,TETH,ETH,0.0
2024-09-09,ETHV,ETH,0.0
2024-09-09,QETH,ETH,0.0
2024-09-09,EZET,ETH,0.0
2024-09-09,ETHE,ETH,-22.6
2024-09-09,ETH,ETH,8.0
2024-09-10,ETHA,ETH,4.3
2024-09-10,FETH,ETH,7.1
2024-09-10,ETHW,ETH,0.0
2024-09-10,TETH,ETH,0.0
2024-09-10,ETHV,ETH,0.0
2024-09-10,QETH,ETH,0.0
2024-09-10,EZET,ETH,0.0
2024-09-10,ETHE,ETH,0.0
2024-09-10,ETH,ETH,0.0
2024-09-11,ETHA,ETH,0.0
2024-09-11,FETH,ETH,1.2
2024-09-11,ETHW,ETH,0.0
2024-09-11,TETH,ETH,0.0
2024-09-11,ETHV,ETH,-1.7
2024-09-11,QETH,ETH,0.0
2024-09-11,EZET,ETH,0.0
2024-09-11,ETHE,ETH,0.0
2024-09-11,ETH,ETH,0.0
2024-09-12,ETHA,ETH,0.0
2024-09-12,FETH,ETH,0.0
2024-09-12,ETHW,ETH,0.0
2024-09-12,TETH,ETH,0.0
2024-09-12,ETHV,ETH,0.0
2024-09-12,QETH,ETH,0.0
2024-09-12,EZET,ETH,0.0
2024-09-12,ETHE,ETH,-20.1
2024-09-12,ETH,ETH,0.0
2024-09-13,ETHA,ETH,3.7
2024-09-13,FETH,ETH,0.0
2024-09-13,ETHW,ETH,5.2
2024-09-13,TETH,ETH,0.0
2024-09-13,ETHV,ETH,0.0
2024-09-13,QETH,ETH,0.0
2024-09-13,EZET,ETH,0.0
2024-09-13,ETHE,ETH,-7.4
2024-09-13,ETH,ETH,0.0
2024-09-16,ETHA,ETH,4.2
2024-09-16,FETH,ETH,0.0
2024-09-16,ETHW,ETH,-2.1
2024-09-16,TETH,ETH,0.0
2024-09-16,ETHV,ETH,0.0
2024-09-16,QETH,ETH,0.0
2024-09-16,EZET,ETH,0.0
2024-09-16,ETHE,ETH,-13.8
2024-09-16,ETH,ETH,2.3
2024-09-17,ETHA,ETH,0.0
2024-09-17,FETH,ETH,0.0
2024-09-17,ETHW,ETH,0.0
2024-09-17,TETH,ETH,0.0
2024-09-17,ETHV,ETH,0.0
2024-09-17,QETH,ETH,0.0
2024-09-17,EZET,ETH,0.0
2024-09-17,ETHE,ETH,-17.9
2024-09-17,ETH,ETH,2.8
2024-09-18,ETHA,ETH,4.9
2024-09-18,FETH,ETH,0.0
2024-09-18,ETHW,ETH,0.0
2024-09-18,TETH,ETH,0.0
2024-09-18,ETHV,ETH,0.0
2024-09-18,QETH,ETH,0.0
2024-09-18,EZET,ETH,0.0
2024-09-18,ETHE,ETH,-14.7
2024-09-18,ETH,ETH,0.0
2024-09-19,ETHA,ETH,5.2
2024-09-19,FETH,ETH,0.0
2024-09-19,ETHW,ETH,0.0
2024-09-19,TETH,ETH,0.0
2024-09-19,ETHV,ETH,0.0
2024-09-19,QETH,ETH,0.0
2024-09-19,EZET,ETH,0.0
2024-09-19,ETHE,ETH,0.0
2024-09-19,ETH,ETH,0.0
2024-09-20,ETHA,ETH,0.0
2024-09-20,FETH,ETH,0.0
2024-09-20,ETHW,ETH,0.0
2024-09-20,TETH,ETH,0.0
2024-09-20,ETHV,ETH,0.0
2024-09-20,QETH,ETH,0.0
2024-09-20,EZET,ETH,0.0
2024-09-20,ETHE,ETH,0.0
2024-09-20,ETH,ETH,2.9
2024-09-23,ETHA,ETH,0.0
2024-09-23,FETH,ETH,0.0
2024-09-23,ETHW,ETH,1.3
2024-09-23,TETH,ETH,0.0
2024-09-23,ETHV,ETH,0.0
2024-09-23,QETH,ETH,0.0
2024-09-23,EZET,ETH,0.0
2024-09-23,ETHE,ETH,-80.6
2024-09-23,ETH,ETH,0.0
2024-09-24,ETHA,ETH,59.3
2024-09-24,FETH,ETH,0.0
2024-09-24,ETHW,ETH,0.0
2024-09-24,TETH,ETH,0.0
2024-09-24,ETHV,ETH,1.9
2024-09-24,QETH,ETH,1.3
2024-09-24,EZET,ETH,0.0
2024-09-24,ETHE,ETH,0.0
2024-09-24,ETH,ETH,0.0
2024-09-25,ETHA,ETH,9.4
2024-09-25,FETH,ETH,6.4
2024-09-25,ETHW,ETH,0.0
2024-09-25,TETH,ETH,0.8
2024-09-25,ETHV,ETH,0.0
2024-09-25,QETH,ETH,0.0
2024-09-25,EZET,ETH,0.0
2024-09-25,ETHE,ETH,0.0
2024-09-25,ETH,ETH,26.6
2024-09-26,ETHA,ETH,15.3
2024-09-26,FETH,ETH,15.9
2024-09-26,ETHW,ETH,1.0
2024-09-26,TETH,ETH,0.7
2024-09-26,ETHV,ETH,1.0
2024-09-26,QETH,ETH,2.0
2024-09-26,EZET,ETH,0.0
2024-09-26,ETHE,ETH,-36.0
2024-09-26,ETH,ETH,0.0
2024-09-27,ETHA,ETH,11.5
2024-09-27,FETH,ETH,42.5
2024-09-27,ETHW,ETH,5.4
2024-09-27,TETH,ETH,1.4
2024-09-27,ETHV,ETH,2.0
2024-09-27,QETH,ETH,4.3
2024-09-27,EZET,ETH,0.0
2024-09-27,ETHE,ETH,-10.7
2024-09-27,ETH,ETH,2.3
2024-09-30,ETHA,ETH,11.0
2024-09-30,FETH,ETH,0.0
2024-09-30,ETHW,ETH,0.0
2024-09-30,TETH,ETH,0.0
2024-09-30,ETHV,ETH,0.0
2024-09-30,QETH,ETH,0.0
2024-09-30,EZET,ETH,0.0
2024-09-30,ETHE,ETH,-11.8
2024-09-30,ETH,ETH,0.0
2024-10-01,ETHA,ETH,0.0
2024-10-01,FETH,ETH,-25.0
2024-10-01,ETHW,ETH,-0.9
2024-10-01,TETH,ETH,1.2
2024-10-01,ETHV,ETH,2.7
2024-10-01,QETH,ETH,0.0
2024-10-01,EZET,ETH,0.0
2024-10-01,ETHE,ETH,-26.6
2024-10-01,ETH,ETH,0.0
2024-10-02,ETHA,ETH,18.0
2024-10-02,FETH,ETH,0.0
2024-10-02,ETHW,ETH,0.0
2024-10-02,TETH,ETH,0.0
2024-10-02,ETHV,ETH,0.0
2024-10-02,QETH,ETH,0.0
2024-10-02,EZET,ETH,1.8
2024-10-02,ETHE,ETH,-5.4
2024-10-02,ETH,ETH,0.0
2024-10-03,ETHA,ETH,12.1
2024-10-03,FETH,ETH,-0.6
2024-10-03,ETHW,ETH,0.0
2024-10-03,TETH,ETH,0.0
2024-10-03,ETHV,ETH,0.0
2024-10-03,QETH,ETH,0.0
2024-10-03,EZET,ETH,0.0
2024-10-03,ETHE,ETH,-14.7
2024-10-03,ETH,ETH,0.0
2024-10-04,ETHA,ETH,14.7
2024-10-04,FETH,ETH,0.0
2024-10-04,ETHW,ETH,0.9
2024-10-04,TETH,ETH,0.0
2024-10-04,ETHV,ETH,0.0
2024-10-04,QETH,ETH,0.0
2024-10-04,EZET,ETH,0.0
2024-10-04,ETHE,ETH,-8.2
2024-10-04,ETH,ETH,0.0
2024-10-07,ETHA,ETH,0.0
2024-10-07,FETH,ETH,0.0
2024-10-07,ETHW,ETH,0.0
2024-10-07,TETH,ETH,0.0
2024-10-07,ETHV,ETH,0.0
2024-10-07,QETH,ETH,0.0
2024-10-07,EZET,ETH,0.0
2024-10-07,ETHE,ETH,0.0
2024-10-07,ETH,ETH,0.0
2024-10-08,ETHA,ETH,0.0
2024-10-08,FETH,ETH,-3.6
2024-10-08,ETHW,ETH,-4.5
2024-10-08,TETH,ETH,0.0
2024-10-08,ETHV,ETH,0.0
2024-10-08,QETH,ETH,0.0
2024-10-08,EZET,ETH,0.0
2024-10-08,ETHE,ETH,0.0
2024-10-08,ETH,ETH,0.0
2024-10-09,ETHA,ETH,0.0
2024-10-09,FETH,ETH,0.0
2024-10-09,ETHW,ETH,0.0
2024-10-09,TETH,ETH,0.0
2024-10-09,ETHV,ETH,0.0
2024-10-09,QETH,ETH,0.0
2024-10-09,EZET,ETH,0.0
2024-10-09,ETHE,ETH,0.0
2024-10-09,ETH,ETH,0.0
2024-10-10,ETHA,ETH,17.8
2024-10-10,FETH,ETH,-3.5
2024-10-10,ETHW,ETH,-4.2
2024-10-10,TETH,ETH,0.0
2024-10-10,ETHV,ETH,0.0
2024-10-10,QETH,ETH,0.0
2024-10-10,EZET,ETH,0.0
2024-10-10,ETHE,ETH,-10.3
2024-10-10,ETH,ETH,3.3
2024-10-11,ETHA,ETH,0.0
2024-10-11,FETH,ETH,8.6
2024-10-11,ETHW,ETH,0.0
2024-10-11,TETH,ETH,0.0
2024-10-11,ETHV,ETH,0.0
2024-10-11,QETH,ETH,0.0
2024-10-11,EZET,ETH,0.0
2024-10-11,ETHE,ETH,-8.7
2024-10-11,ETH,ETH,0.0
2024-10-14,ETHA,ETH,14.3
2024-10-14,FETH,ETH,1.3
2024-10-14,ETHW,ETH,0.0
2024-10-14,TETH,ETH,0.4
2024-10-14,ETHV,ETH,0.0
2024-10-14,QETH,ETH,1.0
2024-10-14,EZET,ETH,0.0
2024-10-14,ETHE,ETH,0.0
2024-10-14,ETH,ETH,0.0
2024-10-15,ETHA,ETH,0.0
2024-10-15,FETH,ETH,2.6
2024-10-15,ETHW,ETH,0.0
2024-10-15,TETH,ETH,0.0
2024-10-15,ETHV,ETH,0.0
2024-10-15,QETH,ETH,0.0
2024-10-15,EZET,ETH,0.0
2024-10-15,ETHE,ETH,-15.3
2024-10-15,ETH,ETH,0.0
2024-10-16,ETHA,ETH,11.9
2024-10-16,FETH,ETH,8.5
2024-10-16,ETHW,ETH,0.0
2024-10-16,TETH,ETH,0.0
2024-10-16,ETHV,ETH,3.8
2024-10-16,QETH,ETH,0.0
2024-10-16,EZET,ETH,0.0
2024-10-16,ETHE,ETH,0.0
2024-10-16,ETH,ETH,0.0
2024-10-17,ETHA,ETH,23.6
2024-10-17,FETH,ETH,31.1
2024-10-17,ETHW,ETH,1.5
2024-10-17,TETH,ETH,2.3
2024-10-17,ETHV,ETH,0.0
2024-10-17,QETH,ETH,0.5
2024-10-17,EZET,ETH,0.0
2024-10-17,ETHE,ETH,-15.7
2024-10-17,ETH,ETH,5.1
2024-10-18,ETHA,ETH,0.0
2024-10-18,FETH,ETH,0.0
2024-10-18,ETHW,ETH,1.9
2024-10-18,TETH,ETH,0.0
2024-10-18,ETHV,ETH,0.0
2024-10-18,QETH,ETH,0.0
2024-10-18,EZET,ETH,0.0
2024-10-18,ETHE,ETH,0.0
2024-10-18,ETH,ETH,0.0
2024-10-21,ETHA,ETH,4.9
2024-10-21,FETH,ETH,0.0
2024-10-21,ETHW,ETH,0.0
2024-10-21,TETH,ETH,0.0
2024-10-21,ETHV,ETH,3.9
2024-10-21,QETH,ETH,0.0
2024-10-21,EZET,ETH,0.0
2024-10-21,ETHE,ETH,-29.6
2024-10-21,ETH,ETH,0.0
2024-10-22,ETHA,ETH,11.9
2024-10-22,FETH,ETH,0.0
2024-10-22,ETHW,ETH,0.0
2024-10-22,TETH,ETH,0.0
2024-10-22,ETHV,ETH,0.0
2024-10-22,QETH,ETH,0.0
2024-10-22,EZET,ETH,0.0
2024-10-22,ETHE,ETH,0.0
2024-10-22,ETH,ETH,0.0
2024-10-23,ETHA,ETH,0.0
2024-10-23,FETH,ETH,6.2
2024-10-23,ETHW,ETH,0.0
2024-10-23,TETH,ETH,1.6
2024-10-23,ETHV,ETH,0.0
2024-10-23,QETH,ETH,1.0
2024-10-23,EZET,ETH,0.0
2024-10-23,ETHE,ETH,-7.6
2024-10-23,ETH,ETH,0.0
2024-10-24,ETHA,ETH,2.3
2024-10-24,FETH,ETH,0.0
2024-10-24,ETHW,ETH,0.0
2024-10-24,TETH,ETH,0.0
2024-10-24,ETHV,ETH,0.0
2024-10-24,QETH,ETH,0.0
2024-10-24,EZET,ETH,0.0
2024-10-24,ETHE,ETH,0.0
2024-10-24,ETH,ETH,0.0
2024-10-25,ETHA,ETH,0.0
2024-10-25,FETH,ETH,0.0
2024-10-25,ETHW,ETH,0.0
2024-10-25,TETH,ETH,0.0
2024-10-25,ETHV,ETH,0.0
2024-10-25,QETH,ETH,0.0
2024-10-25,EZET,ETH,0.0
2024-10-25,ETHE,ETH,-19.2
2024-10-25,ETH,ETH,0.0
2024-10-28,ETHA,ETH,2.3
2024-10-28,FETH,ETH,5.0
2024-10-28,ETHW,ETH,0.0
2024-10-28,TETH,ETH,0.0
2024-10-28,ETHV,ETH,0.0
2024-10-28,QETH,ETH,0.0
2024-10-28,EZET,ETH,0.0
2024-10-28,ETHE,ETH,-8.4
2024-10-28,ETH,ETH,0.0
2024-10-29,ETHA,ETH,13.6
2024-10-29,FETH,ETH,0.0
2024-10-29,ETHW,ETH,0.0
2024-10-29,TETH,ETH,0.0
2024-10-29,ETHV,ETH,0.0
2024-10-29,QETH,ETH,0.0
2024-10-29,EZET,ETH,0.0
2024-10-29,ETHE,ETH,-6.0
2024-10-29,ETH,ETH,0.0
2024-10-30,ETHA,ETH,0.0
2024-10-30,FETH,ETH,5.3
2024-10-30,ETHW,ETH,-3.6
2024-10-30,TETH,ETH,2.7
2024-10-30,ETHV,ETH,0.0
2024-10-30,QETH,ETH,0.0
2024-10-30,EZET,ETH,0.0
2024-10-30,ETHE,ETH,0.0
2024-10-30,ETH,ETH,0.0
2024-10-31,ETHA,ETH,49.6
2024-10-31,FETH,ETH,0.0
2024-10-31,ETHW,ETH,0.0
2024-10-31,TETH,ETH,0.0
2024-10-31,ETHV,ETH,0.0
2024-10-31,QETH,ETH,0.0
2024-10-31,EZET,ETH,0.0
2024-10-31,ETHE,ETH,-36.6
2024-10-31,ETH,ETH,0.0
2024-11-01,ETHA,ETH,0.0
2024-11-01,FETH,ETH,0.0
2024-11-01,ETHW,ETH,0.0
2024-11-01,TETH,ETH,0.0
2024-11-01,ETHV,ETH,0.0
2024-11-01,QETH,ETH,0.5
2024-11-01,EZET,ETH,0.0
2024-11-01,ETHE,ETH,-11.4
2024-11-01,ETH,ETH,0.0
2024-11-04,ETHA,ETH,11.0
2024-11-04,FETH,ETH,-31.5
2024-11-04,ETHW,ETH,0.0
2024-11-04,TETH,ETH,0.0
2024-11-04,ETHV,ETH,0.0
2024-11-04,QETH,ETH,0.0
2024-11-04,EZET,ETH,0.0
2024-11-04,ETHE,ETH,-10.8
2024-11-04,ETH,ETH,-31.9
2024-11-05,ETHA,ETH,0.0
2024-11-05,FETH,ETH,0.0
2024-11-05,ETHW,ETH,0.0
2024-11-05,TETH,ETH,0.0
2024-11-05,ETHV,ETH,0.0
2024-11-05,QETH,ETH,0.0
2024-11-05,EZET,ETH,0.0
2024-11-05,ETHE,ETH,0.0
2024-11-05,ETH,ETH,0.0
2024-11-06,ETHA,ETH,0.0
2024-11-06,FETH,ETH,26.9
2024-11-06,ETHW,ETH,0.0
2024-11-06,TETH,ETH,0.0
2024-11-06,ETHV,ETH,0.0
2024-11-06,QETH,ETH,0.0
2024-11-06,EZET,ETH,0.0
2024-11-06,ETHE,ETH,0.0
2024-11-06,ETH,ETH,25.4
2024-11-07,ETHA,ETH,23.7
2024-11-07,FETH,ETH,28.9
2024-11-07,ETHW,ETH,6.6
2024-11-07,TETH,ETH,0.0
2024-11-07,ETHV,ETH,12.7
2024-11-07,QETH,ETH,2.3
2024-11-07,EZET,ETH,0.0
2024-11-07,ETHE,ETH,0.0
2024-11-07,ETH,ETH,5.5
2024-11-08,ETHA,ETH,59.8
2024-11-08,FETH,ETH,18.4
2024-11-08,ETHW,ETH,3.4
2024-11-08,TETH,ETH,0.0
2024-11-08,ETHV,ETH,4.3
2024-11-08,QETH,ETH,0.0
2024-11-08,EZET,ETH,0.0
2024-11-08,ETHE,ETH,0.0
2024-11-08,ETH,ETH,0.0
2024-11-11,ETHA,ETH,101.1
2024-11-11,FETH,ETH,115.5
2024-11-11,ETHW,ETH,15.6
2024-11-11,TETH,ETH,0.0
2024-11-11,ETHV,ETH,0.0
2024-11-11,QETH,ETH,0.0
2024-11-11,EZET,ETH,0.0
2024-11-11,ETHE,ETH,0.0
2024-11-11,ETH,ETH,63.3
2024-11-12,ETHA,ETH,131.4
2024-11-12,FETH,ETH,0.0
2024-11-12,ETHW,ETH,17.0
2024-11-12,TETH,ETH,2.0
2024-11-12,ETHV,ETH,6.0
2024-11-12,QETH,ETH,0.0
2024-11-12,EZET,ETH,0.0
2024-11-12,ETHE,ETH,-33.2
2024-11-12,ETH,ETH,12.7
2024-11-13,ETHA,ETH,35.6
2024-11-13,FETH,ETH,101.7
2024-11-13,ETHW,ETH,13.0
2024-11-13,TETH,ETH,0.0
2024-11-13,ETHV,ETH,0.0
2024-11-13,QETH,ETH,0.0
2024-11-13,EZET,ETH,0.0
2024-11-13,ETHE,ETH,-5.6
2024-11-13,ETH,ETH,2.2
2024-11-14,ETHA,ETH,18.9
2024-11-14,FETH,ETH,0.0
2024-11-14,ETHW,ETH,0.0
2024-11-14,TETH,ETH,0.0
2024-11-14,ETHV,ETH,-1.1
2024-11-14,QETH,ETH,0.9
2024-11-14,EZET,ETH,0.0
2024-11-14,ETHE,ETH,-21.9
2024-11-14,ETH,ETH,0.0
2024-11-15,ETHA,ETH,0.0
2024-11-15,FETH,ETH,-18.4
2024-11-15,ETHW,ETH,0.0
2024-11-15,TETH,ETH,0.0
2024-11-15,ETHV,ETH,-1.1
2024-11-15,QETH,ETH,0.0
2024-11-15,EZET,ETH,0.0
2024-11-15,ETHE,ETH,-40.3
2024-11-15,ETH,ETH,0.0
2024-11-18,ETHA,ETH,-23.9
2024-11-18,FETH,ETH,3.2
2024-11-18,ETHW,ETH,0.0
2024-11-18,TETH,ETH,0.0
2024-11-18,ETHV,ETH,0.0
2024-11-18,QETH,ETH,0.0
2024-11-18,EZET,ETH,0.0
2024-11-18,ETHE,ETH,-13.3
2024-11-18,ETH,ETH,-5.1
2024-11-19,ETHA,ETH,-14.2
2024-11-19,FETH,ETH,-46.7
2024-11-19,ETHW,ETH,0.0
2024-11-19,TETH,ETH,0.0
2024-11-19,ETHV,ETH,0.0
2024-11-19,QETH,ETH,0.0
2024-11-19,EZET,ETH,0.0
2024-11-19,ETHE,ETH,-20.4
2024-11-19,ETH,ETH,0.0
2024-11-20,ETHA,ETH,16.7
2024-11-20,FETH,ETH,-30.7
2024-11-20,ETHW,ETH,0.0
2024-11-20,TETH,ETH,0.0
2024-11-20,ETHV,ETH,0.0
2024-11-20,QETH,ETH,0.0
2024-11-20,EZET,ETH,0.0
2024-11-20,ETHE,ETH,-16.3
2024-11-21,ETHA,ETH,0.0
2024-11-21,FETH,ETH,16.8
2024-11-21,ETHW,ETH,2.9
2024-11-21,TETH,ETH,0.0
2024-11-21,ETHV,ETH,2.5
2024-11-21,QETH,ETH,0.0
2024-11-21,EZET,ETH,0.0
2024-11-21,ETHE,ETH,-27.1
2024-11-21,ETH,ETH,-4.1
2024-11-22,ETHA,ETH,99.7
2024-11-22,FETH,ETH,5.8
2024-11-22,ETHW,ETH,5.0
2024-11-22,TETH,ETH,0.0
2024-11-22,ETHV,ETH,0.0
2024-11-22,QETH,ETH,0.0
2024-11-22,EZET,ETH,0.0
2024-11-22,ETHE,ETH,-18.6
2024-11-22,ETH,ETH,-0.6
2024-11-25,ETHA,ETH,0.0
2024-11-25,FETH,ETH,4.4
2024-11-25,ETHW,ETH,8.7
2024-11-25,TETH,ETH,-1.2
2024-11-25,ETHV,ETH,2.6
2024-11-25,QETH,ETH,0.0
2024-11-25,EZET,ETH,0.0
2024-11-25,ETHE,ETH,-7.6
2024-11-25,ETH,ETH,-4.0
2024-11-26,ETHA,ETH,50.1
2024-11-26,FETH,ETH,-1.7
2024-11-26,ETHW,ETH,0.0
2024-11-26,TETH,ETH,-2.8
2024-11-26,ETHV,ETH,0.0
2024-11-26,QETH,ETH,-1.2
2024-11-26,EZET,ETH,0.0
2024-11-26,ETHE,ETH,-20.1
2024-11-26,ETH,ETH,16.3
2024-11-27,ETHA,ETH,0.0
2024-11-27,FETH,ETH,38.0
2024-11-27,ETHW,ETH,1.6
2024-11-27,TETH,ETH,0.0
2024-11-27,ETHV,ETH,13.2
2024-11-27,QETH,ETH,0.0
2024-11-27,EZET,ETH,0.0
2024-11-27,ETHE,ETH,0.0
2024-11-27,ETH,ETH,37.3
2024-11-29,ETHA,ETH,250.4
2024-11-29,FETH,ETH,79.1
2024-11-29,ETHW,ETH,0.0
2024-11-29,TETH,ETH,0.0
2024-11-29,ETHV,ETH,0.0
2024-11-29,QETH,ETH,0.0
2024-11-29,EZET,ETH,0.0
2024-11-29,ETHE,ETH,0.0
2024-11-29,ETH,ETH,3.4
2024-12-02,ETHA,ETH,55.9
2024-12-02,FETH,ETH,19.9
2024-12-02,ETHW,ETH,0.0
2024-12-02,TETH,ETH,0.0
2024-12-02,ETHV,ETH,0.0
2024-12-02,QETH,ETH,-7.2
2024-12-02,EZET,ETH,0.0
2024-12-02,ETHE,ETH,-44.4
2024-12-02,ETH,ETH,0.0
2024-12-03,ETHA,ETH,65.3
2024-12-03,FETH,ETH,73.7
2024-12-03,ETHW,ETH,0.0
2024-12-03,TETH,ETH,0.0
2024-12-03,ETHV,ETH,0.0
2024-12-03,QETH,ETH,0.0
2024-12-03,EZET,ETH,0.0
2024-12-03,ETHE,ETH,-6.4
2024-12-03,ETH,ETH,0.0
2024-12-04,ETHA,ETH,124.4
2024-12-04,FETH,ETH,40.7
2024-12-04,ETHW,ETH,0.0
2024-12-04,TETH,ETH,0.0
2024-12-04,ETHV,ETH,0.0
2024-12-04,QETH,ETH,0.0
2024-12-04,EZET,ETH,0.0
2024-12-04,ETHE,ETH,-6.2
2024-12-04,ETH,ETH,8.8
2024-12-05,ETHA,ETH,292.7
2024-12-05,FETH,ETH,113.6
2024-12-05,ETHW,ETH,6.6
2024-12-05,TETH,ETH,0.0
2024-12-05,ETHV,ETH,0.0
2024-12-05,QETH,ETH,0.0
2024-12-05,EZET,ETH,0.0
2024-12-05,ETHE,ETH,-15.1
2024-12-05,ETH,ETH,30.7
2024-12-06,ETHA,ETH,34.6
2024-12-06,FETH,ETH,47.9
2024-12-06,ETHW,ETH,13.4
2024-12-06,TETH,ETH,-6.9
2024-12-06,ETHV,ETH,1.5
2024-12-06,QETH,ETH,0.0
2024-12-06,EZET,ETH,0.0
2024-12-06,ETHE,ETH,-29.6
2024-12-06,ETH,ETH,22.9
2024-12-09,ETHA,ETH,155.4
2024-12-09,FETH,ETH,30.1
2024-12-09,ETHW,ETH,-13.0
2024-12-09,TETH,ETH,-4.1
2024-12-09,ETHV,ETH,0.0
2024-12-09,QETH,ETH,0.0
2024-12-09,EZET,ETH,0.0
2024-12-09,ETHE,ETH,-27.4
2024-12-09,ETH,ETH,8.8
2024-12-10,ETHA,ETH,81.7
2024-12-10,FETH,ETH,202.2
2024-12-10,ETHW,ETH,0.0
2024-12-10,TETH,ETH,0.0
2024-12-10,ETHV,ETH,0.0
2024-12-10,QETH,ETH,0.0
2024-12-10,EZET,ETH,0.0
2024-12-10,ETHE,ETH,-4.0
2024-12-10,ETH,ETH,25.8
2024-12-11,ETHA,ETH,74.2
2024-12-11,FETH,ETH,0.0
2024-12-11,ETHW,ETH,8.2
2024-12-11,TETH,ETH,0.0
2024-12-11,ETHV,ETH,5.6
2024-12-11,QETH,ETH,0.0
2024-12-11,EZET,ETH,2.9
2024-12-11,ETHE,ETH,-2.3
2024-12-11,ETH,ETH,13.4
2024-12-12,ETHA,ETH,202.3
2024-12-12,FETH,ETH,19.4
2024-12-12,ETHW,ETH,0.0
2024-12-12,TETH,ETH,1.6
2024-12-12,ETHV,ETH,0.0
2024-12-12,QETH,ETH,0.0
2024-12-12,EZET,ETH,0.0
2024-12-12,ETHE,ETH,-22.8
2024-12-12,ETH,ETH,73.2
2024-12-13,ETHA,ETH,9.5
2024-12-13,FETH,ETH,6.9
2024-12-13,ETHW,ETH,0.0
2024-12-13,TETH,ETH,0.0
2024-12-13,ETHV,ETH,0.0
2024-12-13,QETH,ETH,0.0
2024-12-13,EZET,ETH,0.0
2024-12-13,ETHE,ETH,7.2
2024-12-13,ETH,ETH,0.0
2024-12-16,ETHA,ETH,30.7
2024-12-16,FETH,ETH,4.1
2024-12-16,ETHW,ETH,8.7
2024-12-16,TETH,ETH,0.0
2024-12-16,ETHV,ETH,0.0
2024-12-16,QETH,ETH,0.0
2024-12-16,EZET,ETH,0.0
2024-12-16,ETHE,ETH,0.0
2024-12-16,ETH,ETH,7.6
2024-12-17,ETHA,ETH,134.8
2024-12-17,FETH,ETH,3.9
2024-12-17,ETHW,ETH,0.0
2024-12-17,TETH,ETH,0.0
2024-12-17,ETHV,ETH,0.0
2024-12-17,QETH,ETH,0.0
2024-12-17,EZET,ETH,1.5
2024-12-17,ETHE,ETH,0.0
2024-12-17,ETH,ETH,4.5
2024-12-18,ETHA,ETH,81.9
2024-12-18,FETH,ETH,0.0
2024-12-18,ETHW,ETH,-14.6
2024-12-18,TETH,ETH,0.0
2024-12-18,ETHV,ETH,0.0
2024-12-18,QETH,ETH,0.0
2024-12-18,EZET,ETH,0.0
2024-12-18,ETHE,ETH,-49.2
2024-12-18,ETH,ETH,-15.6
2024-12-19,ETHA,ETH,0.0
2024-12-19,FETH,ETH,5.1
2024-12-19,ETHW,ETH,-6.8
2024-12-19,TETH,ETH,0.0
2024-12-19,ETHV,ETH,4.9
2024-12-19,QETH,ETH,-2.4
2024-12-19,EZET,ETH,0.0
2024-12-19,ETHE,ETH,-58.1
2024-12-19,ETH,ETH,-3.2
2024-12-20,ETHA,ETH,-103.7
2024-12-20,FETH,ETH,13.0
2024-12-20,ETHW,ETH,0.0
2024-12-20,TETH,ETH,0.0
2024-12-20,ETHV,ETH,0.0
2024-12-20,QETH,ETH,0.0
2024-12-20,EZET,ETH,0.0
2024-12-20,ETHE,ETH,7.5
2024-12-20,ETH,ETH,8.1
2024-12-23,ETHA,ETH,89.5
2024-12-23,FETH,ETH,46.4
2024-12-23,ETHW,ETH,1.0
2024-12-23,TETH,ETH,0.0
2024-12-23,ETHV,ETH,0.0
2024-12-23,QETH,ETH,0.0
2024-12-23,EZET,ETH,0.0
2024-12-23,ETHE,ETH,0.0
2024-12-23,ETH,ETH,-6.1
2024-12-24,ETHA,ETH,43.9
2024-12-24,FETH,ETH,3.5
2024-12-24,ETHW,ETH,6.2
2024-12-24,TETH,ETH,0.0
2024-12-24,ETHV,ETH,0.0
2024-12-24,QETH,ETH,0.0
2024-12-24,EZET,ETH,0.0
2024-12-24,ETHE,ETH,0.0
2024-12-24,ETH,ETH,0.0
2024-12-26,ETHA,ETH,28.2
2024-12-26,FETH,ETH,83.0
2024-12-26,ETHW,ETH,0.0
2024-12-26,TETH,ETH,0.0
2024-12-26,ETHV,ETH,0.0
2024-12-26,QETH,ETH,0.0
2024-12-26,EZET,ETH,0.0
2024-12-26,ETHE,ETH,0.0
2024-12-26,ETH,ETH,6.0
2024-12-27,ETHA,ETH,20.2
2024-12-27,FETH,ETH,27.5
2024-12-27,ETHW,ETH,0.0
2024-12-27,TETH,ETH,0.0
2024-12-27,ETHV,ETH,0.0
2024-12-27,QETH,ETH,0.0
2024-12-27,EZET,ETH,0.0
2024-12-27,ETHE,ETH,0.0
2024-12-27,ETH,ETH,0.0
2024-12-30,ETHA,ETH,0.0
2024-12-30,FETH,ETH,-20.4
2024-12-30,ETHW,ETH,0.0
2024-12-30,TETH,ETH,0.0
2024-12-30,ETHV,ETH,0.0
2024-12-30,QETH,ETH,0.0
2024-12-30,EZET,ETH,-3.9
2024-12-30,ETHE,ETH,-17.4
2024-12-30,ETH,ETH,-13.8
2024-12-31,ETHA,ETH,0.0
2024-12-31,FETH,ETH,31.8
2024-12-31,ETHW,ETH,0.0
2024-12-31,TETH,ETH,0.0
2024-12-31,ETHV,ETH,0.0
2024-12-31,QETH,ETH,0.0
2024-12-31,EZET,ETH,0.0
2024-12-31,ETHE,ETH,-5.6
2024-12-31,ETH,ETH,9.8
2025-01-02,ETHA,ETH,0.0
2025-01-02,FETH,ETH,0.0
2025-01-02,ETHW,ETH,-56.1
2025-01-02,TETH,ETH,0.0
2025-01-02,ETHV,ETH,0.0
2025-01-02,QETH,ETH,0.0
2025-01-02,EZET,ETH,0.0
2025-01-02,ETHE,ETH,-21.4
2025-01-02,ETH,ETH,0.0
2025-01-03,ETHA,ETH,33.9
2025-01-03,FETH,ETH,27.1
2025-01-03,ETHW,ETH,0.0
2025-01-03,TETH,ETH,0.0
2025-01-03,ETHV,ETH,0.0
2025-01-03,QETH,ETH,0.0
2025-01-03,EZET,ETH,0.0
2025-01-03,ETHE,ETH,-7.2
2025-01-03,ETH,ETH,5.1
2025-01-06,ETHA,ETH,124.1
2025-01-06,FETH,ETH,4.6
2025-01-06,ETHW,ETH,0.0
2025-01-06,TETH,ETH,0.0
2025-01-06,ETHV,ETH,0.0
2025-01-06,QETH,ETH,0.0
2025-01-06,EZET,ETH,0.0
2025-01-06,ETHE,ETH,0.0
2025-01-06,ETH,ETH,0.0
2025-01-07,ETHA,ETH,0.0
2025-01-07,FETH,ETH,-67.6
2025-01-07,ETHW,ETH,0.0
2025-01-07,TETH,ETH,0.0
2025-01-07,ETHV,ETH,0.0
2025-01-07,QETH,ETH,0.0
2025-01-07,EZET,ETH,0.0
2025-01-07,ETHE,ETH,-8.0
2025-01-07,ETH,ETH,-11.2
2025-01-08,ETHA,ETH,0.0
2025-01-08,FETH,ETH,-147.7
2025-01-08,ETHW,ETH,0.0
2025-01-08,TETH,ETH,0.0
2025-01-08,ETHV,ETH,0.0
2025-01-08,QETH,ETH,0.0
2025-01-08,EZET,ETH,0.0
2025-01-08,ETHE,ETH,-8.3
2025-01-08,ETH,ETH,-3.4
2025-01-10,ETHA,ETH,0.0
2025-01-10,FETH,ETH,-65.4
2025-01-10,ETHW,ETH,-3.1
2025-01-10,TETH,ETH,0.0
2025-01-10,ETHV,ETH,0.0
2025-01-10,QETH,ETH,0.0
2025-01-10,EZET,ETH,0.0
2025-01-10,ETHE,ETH,0.0
2025-01-10,ETH,ETH,0.0
2025-01-13,ETHA,ETH,12.9
2025-01-13,FETH,ETH,0.0
2025-01-13,ETHW,ETH,0.0
2025-01-13,TETH,ETH,0.0
2025-01-13,ETHV,ETH,0.0
2025-01-13,QETH,ETH,0.0
2025-01-13,EZET,ETH,0.0
2025-01-13,ETHE,ETH,-14.5
2025-01-13,ETH,ETH,-37.8
2025-01-14,ETHA,ETH,0.0
2025-01-14,FETH,ETH,0.0
2025-01-14,ETHW,ETH,1.2
2025-01-14,TETH,ETH,0.0
2025-01-14,ETHV,ETH,0.0
2025-01-14,QETH,ETH,0.0
2025-01-14,EZET,ETH,0.0
2025-01-14,ETHE,ETH,0.0
2025-01-14,ETH,ETH,0.0
2025-01-15,ETHA,ETH,19.8
2025-01-15,FETH,ETH,29.3
2025-01-15,ETHW,ETH,0.0
2025-01-15,TETH,ETH,0.0
2025-01-15,ETHV,ETH,2.5
2025-01-15,QETH,ETH,0.0
2025-01-15,EZET,ETH,0.0
2025-01-15,ETHE,ETH,0.0
2025-01-15,ETH,ETH,8.1
2025-01-16,ETHA,ETH,111.2
2025-01-16,FETH,ETH,70.0
2025-01-16,ETHW,ETH,0.0
2025-01-16,TETH,ETH,0.0
2025-01-16,ETHV,ETH,0.0
2025-01-16,QETH,ETH,0.0
2025-01-16,EZET,ETH,0.0
2025-01-16,ETHE,ETH,-18.7
2025-01-16,ETH,ETH,4.1
2025-01-17,ETHA,ETH,7.4
2025-01-17,FETH,ETH,14.0
2025-01-17,ETHW,ETH,2.5
2025-01-17,TETH,ETH,0.0
2025-01-17,ETHV,ETH,0.0
2025-01-17,QETH,ETH,0.0
2025-01-17,EZET,ETH,0.0
2025-01-17,ETHE,ETH,0.0
2025-01-17,ETH,ETH,0.0
2025-01-21,ETHA,ETH,56.3
2025-01-21,FETH,ETH,3.3
2025-01-21,ETHW,ETH,3.1
2025-01-21,TETH,ETH,0.0
2025-01-21,ETHV,ETH,3.6
2025-01-21,QETH,ETH,0.0
2025-01-21,EZET,ETH,0.0
2025-01-21,ETHE,ETH,-4.4
2025-01-21,ETH,ETH,12.5
2025-01-22,ETHA,ETH,79.1
2025-01-22,FETH,ETH,9.0
2025-01-22,ETHW,ETH,0.0
2025-01-22,TETH,ETH,0.0
2025-01-22,ETHV,ETH,0.0
2025-01-22,QETH,ETH,0.0
2025-01-22,EZET,ETH,0.0
2025-01-22,ETHE,ETH,-17.4
2025-01-22,ETH,ETH,0.0
2025-01-23,ETHA,ETH,0.0
2025-01-23,FETH,ETH,7.3
2025-01-23,ETHW,ETH,-3.0
2025-01-23,TETH,ETH,0.0
2025-01-23,ETHV,ETH,0.0
2025-01-23,QETH,ETH,0.0
2025-01-23,EZET,ETH,0.0
2025-01-23,ETHE,ETH,-22.3
2025-01-23,ETH,ETH,3.1
2025-01-24,ETHA,ETH,0.0
2025-01-24,FETH,ETH,0.0
2025-01-24,ETHW,ETH,6.0
2025-01-24,TETH,ETH,1.2
2025-01-24,ETHV,ETH,0.0
2025-01-24,QETH,ETH,2.0
2025-01-24,EZET,ETH,0.0
2025-01-24,ETHE,ETH,0.0
2025-01-24,ETH,ETH,0.0
2025-01-27,ETHA,ETH,20.7
2025-01-27,FETH,ETH,-68.5
2025-01-27,ETHW,ETH,-4.2
2025-01-27,TETH,ETH,0.0
2025-01-27,ETHV,ETH,0.0
2025-01-27,QETH,ETH,0.0
2025-01-27,EZET,ETH,0.0
2025-01-27,ETHE,ETH,-84.2
2025-01-27,ETH,ETH,0.0
2025-01-28,ETHA,ETH,0.0
2025-01-28,FETH,ETH,0.0
2025-01-28,ETHW,ETH,0.0
2025-01-28,TETH,ETH,0.0
2025-01-28,ETHV,ETH,0.0
2025-01-28,QETH,ETH,0.0
2025-01-28,EZET,ETH,0.0
2025-01-28,ETHE,ETH,0.0
2025-01-28,ETH,ETH,0.0
2025-01-29,ETHA,ETH,9.5
2025-01-29,FETH,ETH,5.5
2025-01-29,ETHW,ETH,-4.0
2025-01-29,TETH,ETH,0.0
2025-01-29,ETHV,ETH,0.0
2025-01-29,QETH,ETH,0.0
2025-01-29,EZET,ETH,0.0
2025-01-29,ETHE,ETH,-15.7
2025-01-29,ETH,ETH,0.0
2025-01-30,ETHA,ETH,79.9
2025-01-30,FETH,ETH,15.4
2025-01-30,ETHW,ETH,0.0
2025-01-30,TETH,ETH,0.0
2025-01-30,ETHV,ETH,0.0
2025-01-30,QETH,ETH,0.0
2025-01-30,EZET,ETH,0.0
2025-01-30,ETHE,ETH,-40.3
2025-01-30,ETH,ETH,12.8
2025-01-31,ETHA,ETH,57.3
2025-01-31,FETH,ETH,0.0
2025-01-31,ETHW,ETH,0.0
2025-01-31,TETH,ETH,0.0
2025-01-31,ETHV,ETH,2.4
2025-01-31,QETH,ETH,0.0
2025-01-31,EZET,ETH,0.0
2025-01-31,ETHE,ETH,-31.9
2025-01-31,ETH,ETH,0.0
2025-02-03,ETHA,ETH,0.0
2025-02-03,FETH,ETH,49.7
2025-02-03,ETHW,ETH,0.0
2025-02-03,TETH,ETH,5.2
2025-02-03,ETHV,ETH,0.0
2025-02-03,QETH,ETH,0.0
2025-02-03,EZET,ETH,0.0
2025-02-03,ETHE,ETH,15.9
2025-02-03,ETH,ETH,12.8
2025-02-04,ETHA,ETH,276.2
2025-02-04,FETH,ETH,27.5
2025-02-04,ETHW,ETH,4.1
2025-02-04,TETH,ETH,0.0
2025-02-04,ETHV,ETH,0.0
2025-02-04,QETH,ETH,0.0
2025-02-04,EZET,ETH,0.0
2025-02-04,ETHE,ETH,0.0
2025-02-04,ETH,ETH,0.0
2025-02-05,ETHA,ETH,0.0
2025-02-05,FETH,ETH,20.1
2025-02-05,ETHW,ETH,0.0
2025-02-05,TETH,ETH,0.0
2025-02-05,ETHV,ETH,0.0
2025-02-05,QETH,ETH,0.0
2025-02-05,EZET,ETH,0.0
2025-02-05,ETHE,ETH,-7.2
2025-02-05,ETH,ETH,5.2
2025-02-06,ETHA,ETH,10.7
2025-02-06,FETH,ETH,0.0
2025-02-06,ETHW,ETH,0.0
2025-02-06,TETH,ETH,0.0
2025-02-06,ETHV,ETH,0.0
2025-02-06,QETH,ETH,0.0
2025-02-06,EZET,ETH,0.0
2025-02-06,ETHE,ETH,0.0
2025-02-06,ETH,ETH,0.0
2025-02-07,ETHA,ETH,0.0
2025-02-07,FETH,ETH,0.0
2025-02-07,ETHW,ETH,0.0
2025-02-07,TETH,ETH,0.0
2025-02-07,ETHV,ETH,0.0
2025-02-07,QETH,ETH,0.0
2025-02-07,EZET,ETH,0.0
2025-02-07,ETHE,ETH,0.0
2025-02-07,ETH,ETH,0.0
2025-02-10,ETHA,ETH,0.0
2025-02-10,FETH,ETH,0.0
2025-02-10,ETHW,ETH,0.0
2025-02-10,TETH,ETH,0.0
2025-02-10,ETHV,ETH,0.0
2025-02-10,QETH,ETH,0.0
2025-02-10,EZET,ETH,0.0
2025-02-10,ETHE,ETH,-22.5
2025-02-10,ETH,ETH,0.0
2025-02-11,ETHA,ETH,12.6
2025-02-11,FETH,ETH,0.0
2025-02-11,ETHW,ETH,0.0
2025-02-11,TETH,ETH,0.0
2025-02-11,ETHV,ETH,0.0
2025-02-11,QETH,ETH,0.0
2025-02-11,EZET,ETH,0.0
2025-02-11,ETHE,ETH,0.0
2025-02-11,ETH,ETH,0.0
2025-02-12,ETHA,ETH,0.0
2025-02-12,FETH,ETH,-10.7
2025-02-12,ETHW,ETH,0.0
2025-02-12,TETH,ETH,0.0
2025-02-12,ETHV,ETH,0.0
2025-02-12,QETH,ETH,0.0
2025-02-12,EZET,ETH,0.0
2025-02-12,ETHE,ETH,-30.2
2025-02-12,ETH,ETH,0.0
2025-02-13,ETHA,ETH,12.0
2025-02-13,FETH,ETH,4.6
2025-02-13,ETHW,ETH,0.0
2025-02-13,TETH,ETH,0.0
2025-02-13,ETHV,ETH,0.0
2025-02-13,QETH,ETH,0.0
2025-02-13,EZET,ETH,0.0
2025-02-13,ETHE,ETH,-3.8
2025-02-13,ETH,ETH,0.0
2025-02-14,ETHA,ETH,0.0
2025-02-14,FETH,ETH,11.7
2025-02-14,ETHW,ETH,0.0
2025-02-14,TETH,ETH,0.0
2025-02-14,ETHV,ETH,0.0
2025-02-14,QETH,ETH,0.0
2025-02-14,EZET,ETH,0.0
2025-02-14,ETHE,ETH,0.0
2025-02-14,ETH,ETH,0.0
2025-02-18,ETHA,ETH,0.0
2025-02-18,FETH,ETH,4.6
2025-02-18,ETHW,ETH,0.0
2025-02-18,TETH,ETH,0.0
2025-02-18,ETHV,ETH,0.0
2025-02-18,QETH,ETH,0.0
2025-02-18,EZET,ETH,0.0
2025-02-18,ETHE,ETH,0.0
2025-02-18,ETH,ETH,0.0
2025-02-19,ETHA,ETH,0.0
2025-02-19,FETH,ETH,24.5
2025-02-19,ETHW,ETH,0.0
2025-02-19,TETH,ETH,0.0
2025-02-19,ETHV,ETH,0.0
2025-02-19,QETH,ETH,0.0
2025-02-19,EZET,ETH,0.0
2025-02-19,ETHE,ETH,-5.5
2025-02-19,ETH,ETH,0.0
2025-02-20,ETHA,ETH,0.0
2025-02-20,FETH,ETH,-2.8
2025-02-20,ETHW,ETH,0.0
2025-02-20,TETH,ETH,0.0
2025-02-20,ETHV,ETH,0.0
2025-02-20,QETH,ETH,0.0
2025-02-20,EZET,ETH,0.0
2025-02-20,ETHE,ETH,-10.3
2025-02-20,ETH,ETH,0.0
2025-02-21,ETHA,ETH,0.0
2025-02-21,FETH,ETH,0.0
2025-02-21,ETHW,ETH,-8.9
2025-02-21,TETH,ETH,0.0
2025-02-21,ETHV,ETH,0.0
2025-02-21,QETH,ETH,0.0
2025-02-21,EZET,ETH,0.0
2025-02-21,ETHE,ETH,0.0
2025-02-21,ETH,ETH,0.0
2025-02-24,ETHA,ETH,-48.2
2025-02-24,FETH,ETH,0.0
2025-02-24,ETHW,ETH,-9.7
2025-02-24,TETH,ETH,0.0
2025-02-24,ETHV,ETH,0.0
2025-02-24,QETH,ETH,0.0
2025-02-24,EZET,ETH,0.0
2025-02-24,ETHE,ETH,-15.4
2025-02-24,ETH,ETH,-4.7
2025-02-25,ETHA,ETH,0.0
2025-02-25,FETH,ETH,-12.5
2025-02-25,ETHW,ETH,-8.2
2025-02-25,TETH,ETH,0.0
2025-02-25,ETHV,ETH,0.0
2025-02-25,QETH,ETH,0.0
2025-02-25,EZET,ETH,0.0
2025-02-25,ETHE,ETH,-27.1
2025-02-25,ETH,ETH,-2.3
2025-02-26,ETHA,ETH,-69.8
2025-02-26,FETH,ETH,-18.4
2025-02-26,ETHW,ETH,-2.8
2025-02-26,TETH,ETH,0.0
2025-02-26,ETHV,ETH,0.0
2025-02-26,QETH,ETH,0.0
2025-02-26,EZET,ETH,0.0
2025-02-26,ETHE,ETH,-3.3
2025-02-26,ETH,ETH,0.0
2025-02-27,ETHA,ETH,-26.1
2025-02-27,FETH,ETH,-25.5
2025-02-27,ETHW,ETH,0.0
2025-02-27,TETH,ETH,0.0
2025-02-27,ETHV,ETH,0.0
2025-02-27,QETH,ETH,0.0
2025-02-27,EZET,ETH,0.0
2025-02-27,ETHE,ETH,-19.6
2025-02-27,ETH,ETH,0.0
2025-02-28,ETHA,ETH,-30.2
2025-02-28,FETH,ETH,0.0
2025-02-28,ETHW,ETH,0.0
2025-02-28,TETH,ETH,0.0
2025-02-28,ETHV,ETH,0.0
2025-02-28,QETH,ETH,0.0
2025-02-28,EZET,ETH,0.0
2025-02-28,ETHE,ETH,-11.7
2025-02-28,ETH,ETH,0.0
2025-03-03,ETHA,ETH,-16.1
2025-03-03,FETH,ETH,0.0
2025-03-03,ETHW,ETH,4.0
2025-03-03,TETH,ETH,0.0
2025-03-03,ETHV,ETH,0.0
2025-03-03,QETH,ETH,0.0
2025-03-03,EZET,ETH,0.0
2025-03-03,ETHE,ETH,0.0
2025-03-03,ETH,ETH,0.0
2025-03-04,ETHA,ETH,-26.3
2025-03-04,FETH,ETH,21.7
2025-03-04,ETHW,ETH,0.0
2025-03-04,TETH,ETH,0.0
2025-03-04,ETHV,ETH,0.0
2025-03-04,QETH,ETH,0.0
2025-03-04,EZET,ETH,0.0
2025-03-04,ETHE,ETH,10.7
2025-03-04,ETH,ETH,8.5
2025-03-05,ETHA,ETH,0.0
2025-03-05,FETH,ETH,0.0
2025-03-05,ETHW,ETH,0.0
2025-03-05,TETH,ETH,0.0
2025-03-05,ETHV,ETH,0.0
2025-03-05,QETH,ETH,0.0
2025-03-05,EZET,ETH,0.0
2025-03-05,ETHE,ETH,-63.3
2025-03-05,ETH,ETH,0.0
2025-03-06,ETHA,ETH,-10.0
2025-03-06,FETH,ETH,0.0
2025-03-06,ETHW,ETH,0.0
2025-03-06,TETH,ETH,0.0
2025-03-06,ETHV,ETH,0.0
2025-03-06,QETH,ETH,0.0
2025-03-06,EZET,ETH,0.0
2025-03-06,ETHE,ETH,0.0
2025-03-06,ETH,ETH,0.0
2025-03-07,ETHA,ETH,-11.2
2025-03-07,FETH,ETH,-11.9
2025-03-07,ETHW,ETH,0.0
2025-03-07,TETH,ETH,0.0
2025-03-07,ETHV,ETH,0.0
2025-03-07,QETH,ETH,0.0
2025-03-07,EZET,ETH,0.0
2025-03-07,ETHE,ETH,0.0
2025-03-07,ETH,ETH,0.0
2025-03-10,ETHA,ETH,0.0
2025-03-10,FETH,ETH,-23.7
2025-03-10,ETHW,ETH,-1.6
2025-03-10,TETH,ETH,-3.5
2025-03-10,ETHV,ETH,0.0
2025-03-10,QETH,ETH,0.0
2025-03-10,EZET,ETH,0.0
2025-03-10,ETHE,ETH,-4.8
2025-03-10,ETH,ETH,-3.9
2025-03-11,ETHA,ETH,-11.8
2025-03-11,FETH,ETH,-9.8
2025-03-11,ETHW,ETH,0.0
2025-03-11,TETH,ETH,0.0
2025-03-11,ETHV,ETH,0.0
2025-03-11,QETH,ETH,0.0
2025-03-11,EZET,ETH,0.0
2025-03-11,ETHE,ETH,0.0
2025-03-11,ETH,ETH,0.0
2025-03-12,ETHA,ETH,0.0
2025-03-12,FETH,ETH,-3.7
2025-03-12,ETHW,ETH,0.0
2025-03-12,TETH,ETH,-1.7
2025-03-12,ETHV,ETH,0.0
2025-03-12,QETH,ETH,0.0
2025-03-12,EZET,ETH,-1.4
2025-03-12,ETHE,ETH,0.0
2025-03-12,ETH,ETH,-3.5
2025-03-13,ETHA,ETH,-15.1
2025-03-13,FETH,ETH,-12.5
2025-03-13,ETHW,ETH,0.0
2025-03-13,TETH,ETH,-0.5
2025-03-13,ETHV,ETH,1.4
2025-03-13,QETH,ETH,0.0
2025-03-13,EZET,ETH,0.0
2025-03-13,ETHE,ETH,-41.7
2025-03-13,ETH,ETH,-5.2
2025-03-14,ETHA,ETH,-36.4
2025-03-14,FETH,ETH,-11.6
2025-03-14,ETHW,ETH,0.0
2025-03-14,TETH,ETH,0.0
2025-03-14,ETHV,ETH,0.0
2025-03-14,QETH,ETH,1.1
2025-03-14,EZET,ETH,0.0
2025-03-14,ETHE,ETH,0.0
2025-03-14,ETH,ETH,0.0
2025-03-17,ETHA,ETH,0.0
2025-03-17,FETH,ETH,0.0
2025-03-17,ETHW,ETH,0.0
2025-03-17,TETH,ETH,0.0
2025-03-17,ETHV,ETH,0.0
2025-03-17,QETH,ETH,0.0
2025-03-17,EZET,ETH,0.0
2025-03-17,ETHE,ETH,-7.3
2025-03-17,ETH,ETH,0.0
2025-03-18,ETHA,ETH,-40.2
2025-03-18,FETH,ETH,-3.3
2025-03-18,ETHW,ETH,0.0
2025-03-18,TETH,ETH,0.0
2025-03-18,ETHV,ETH,0.0
2025-03-18,QETH,ETH,0.0
2025-03-18,EZET,ETH,0.0
2025-03-18,ETHE,ETH,0.0
2025-03-18,ETH,ETH,-9.3
2025-03-19,ETHA,ETH,-12.9
2025-03-19,FETH,ETH,-2.0
2025-03-19,ETHW,ETH,0.0
2025-03-19,TETH,ETH,0.7
2025-03-19,ETHV,ETH,0.0
2025-03-19,QETH,ETH,0.0
2025-03-19,EZET,ETH,0.0
2025-03-19,ETHE,ETH,10.2
2025-03-19,ETH,ETH,-7.7
2025-03-20,ETHA,ETH,-9.0
2025-03-20,FETH,ETH,-3.5
2025-03-20,ETHW,ETH,0.0
2025-03-20,TETH,ETH,0.0
2025-03-20,ETHV,ETH,0.0
2025-03-20,QETH,ETH,0.0
2025-03-20,EZET,ETH,0.0
2025-03-20,ETHE,ETH,0.0
2025-03-20,ETH,ETH,0.0
2025-03-21,ETHA,ETH,-11.9
2025-03-21,FETH,ETH,0.0
2025-03-21,ETHW,ETH,0.0
2025-03-21,TETH,ETH,0.0
2025-03-21,ETHV,ETH,0.0
2025-03-21,QETH,ETH,0.0
2025-03-21,EZET,ETH,0.0
2025-03-21,ETHE,ETH,0.0
2025-03-21,ETH,ETH,-6.7
2025-03-24,ETHA,ETH,0.0
2025-03-24,FETH,ETH,0.0
2025-03-24,ETHW,ETH,0.0
2025-03-24,TETH,ETH,0.0
2025-03-24,ETHV,ETH,0.0
2025-03-24,QETH,ETH,0.0
2025-03-24,EZET,ETH,0.0
2025-03-24,ETHE,ETH,0.0
2025-03-24,ETH,ETH,0.0
2025-03-25,ETHA,ETH,0.0
2025-03-25,FETH,ETH,0.0
2025-03-25,ETHW,ETH,0.0
2025-03-25,TETH,ETH,0.0
2025-03-25,ETHV,ETH,0.0
2025-03-25,QETH,ETH,-1.5
2025-03-25,EZET,ETH,0.0
2025-03-25,ETHE,ETH,0.0
2025-03-25,ETH,ETH,-1.8
2025-03-26,ETHA,ETH,0.0
2025-03-26,FETH,ETH,-1.0
2025-03-26,ETHW,ETH,0.0
2025-03-26,TETH,ETH,0.0
2025-03-26,ETHV,ETH,0.0
2025-03-26,QETH,ETH,0.0
2025-03-26,EZET,ETH,0.0
2025-03-26,ETHE,ETH,0.0
2025-03-26,ETH,ETH,-4.9
2025-03-27,ETHA,ETH,0.0
2025-03-27,FETH,ETH,-2.0
2025-03-27,ETHW,ETH,0.0
2025-03-27,TETH,ETH,0.0
2025-03-27,ETHV,ETH,-2.2
2025-03-27,QETH,ETH,0.0
2025-03-27,EZET,ETH,0.0
2025-03-27,ETHE,ETH,0.0
2025-03-27,ETH,ETH,0.0
2025-03-28,ETHA,ETH,0.0
2025-03-28,FETH,ETH,0.0
2025-03-28,ETHW,ETH,0.0
2025-03-28,TETH,ETH,0.0
2025-03-28,ETHV,ETH,0.0
2025-03-28,QETH,ETH,0.0
2025-03-28,EZET,ETH,0.0
2025-03-28,ETHE,ETH,4.7
2025-03-28,ETH,ETH,0.0
2025-03-31,ETHA,ETH,0.0
2025-03-31,FETH,ETH,6.4
2025-03-31,ETHW,ETH,0.0
2025-03-31,TETH,ETH,0.0
2025-03-31,ETHV,ETH,0.0
2025-03-31,QETH,ETH,0.0
2025-03-31,EZET,ETH,0.0
2025-03-31,ETHE,ETH,0.0
2025-03-31,ETH,ETH,0.0
2025-04-01,ETHA,ETH,0.0
2025-04-01,FETH,ETH,0.0
2025-04-01,ETHW,ETH,-2.6
2025-04-01,TETH,ETH,1.7
2025-04-01,ETHV,ETH,0.0
2025-04-01,QETH,ETH,0.0
2025-04-01,EZET,ETH,0.0
2025-04-01,ETHE,ETH,0.0
2025-04-01,ETH,ETH,-2.7
2025-04-02,ETHA,ETH,-20.2
2025-04-02,FETH,ETH,0.0
2025-04-02,ETHW,ETH,0.0
2025-04-02,TETH,ETH,0.0
2025-04-02,ETHV,ETH,0.0
2025-04-02,QETH,ETH,0.0
2025-04-02,EZET,ETH,0.0
2025-04-02,ETHE,ETH,-31.1
2025-04-02,ETH,ETH,0.0
2025-04-03,ETHA,ETH,0.0
2025-04-03,FETH,ETH,0.0
2025-04-03,ETHW,ETH,-3.6
2025-04-03,TETH,ETH,0.0
2025-04-03,ETHV,ETH,0.0
2025-04-03,QETH,ETH,0.0
2025-04-03,EZET,ETH,0.0
2025-04-03,ETHE,ETH,0.0
2025-04-03,ETH,ETH,0.0
2025-04-04,ETHA,ETH,0.0
2025-04-04,FETH,ETH,0.0
2025-04-04,ETHW,ETH,0.0
2025-04-04,TETH,ETH,0.0
2025-04-04,ETHV,ETH,0.0
2025-04-04,QETH,ETH,0.0
2025-04-04,EZET,ETH,2.1
2025-04-04,ETHE,ETH,0.0
2025-04-04,ETH,ETH,0.0
2025-04-07,ETHA,ETH,0.0
2025-04-07,FETH,ETH,0.0
2025-04-07,ETHW,ETH,0.0
2025-04-07,TETH,ETH,0.0
2025-04-07,ETHV,ETH,0.0
2025-04-07,QETH,ETH,0.0
2025-04-07,EZET,ETH,0.0
2025-04-07,ETHE,ETH,0.0
2025-04-07,ETH,ETH,0.0
2025-04-08,ETHA,ETH,0.0
2025-04-08,FETH,ETH,-3.3
2025-04-08,ETHW,ETH,0.0
2025-04-08,TETH,ETH,0.0
2025-04-08,ETHV,ETH,0.0
2025-04-08,QETH,ETH,0.0
2025-04-08,EZET,ETH,0.0
2025-04-08,ETHE,ETH,0.0
2025-04-08,ETH,ETH,0.0
2025-04-09,ETHA,ETH,-5.5
2025-04-09,FETH,ETH,-5.7
2025-04-09,ETHW,ETH,0.0
2025-04-09,TETH,ETH,0.0
2025-04-09,ETHV,ETH,0.0
2025-04-09,QETH,ETH,0.0
2025-04-09,EZET,ETH,0.0
2025-04-09,ETHE,ETH,0.0
2025-04-09,ETH,ETH,0.0
2025-04-10,ETHA,ETH,6.4
2025-04-10,FETH,ETH,-36.0
2025-04-10,ETHW,ETH,-2.5
2025-04-10,TETH,ETH,0.0
2025-04-10,ETHV,ETH,-4.4
2025-04-10,QETH,ETH,0.0
2025-04-10,EZET,ETH,0.0
2025-04-10,ETHE,ETH,-2.3
2025-04-10,ETH,ETH,0.0
2025-04-11,ETHA,ETH,0.0
2025-04-11,FETH,ETH,0.0
2025-04-11,ETHW,ETH,-3.1
2025-04-11,TETH,ETH,0.0
2025-04-11,ETHV,ETH,0.0
2025-04-11,QETH,ETH,0.0
2025-04-11,EZET,ETH,0.0
2025-04-11,ETHE,ETH,-26.1
2025-04-11,ETH,ETH,0.0
2025-04-14,ETHA,ETH,0.0
2025-04-14,FETH,ETH,-7.8
2025-04-14,ETHW,ETH,0.0
2025-04-14,TETH,ETH,1.8
2025-04-14,ETHV,ETH,0.0
2025-04-14,QETH,ETH,0.0
2025-04-14,EZET,ETH,0.0
2025-04-14,ETHE,ETH,0.0
2025-04-14,ETH,ETH,0.0
2025-04-15,ETHA,ETH,0.0
2025-04-15,FETH,ETH,-3.6
2025-04-15,ETHW,ETH,0.0
2025-04-15,TETH,ETH,0.0
2025-04-15,ETHV,ETH,0.0
2025-04-15,QETH,ETH,0.0
2025-04-15,EZET,ETH,0.0
2025-04-15,ETHE,ETH,-10.6
2025-04-15,ETH,ETH,0.0
2025-04-16,ETHA,ETH,-4.3
2025-04-16,FETH,ETH,0.0
2025-04-16,ETHW,ETH,0.0
2025-04-16,TETH,ETH,0.0
2025-04-16,ETHV,ETH,0.0
2025-04-16,QETH,ETH,0.0
2025-04-16,EZET,ETH,-1.8
2025-04-16,ETHE,ETH,-8.2
2025-04-16,ETH,ETH,2.2
2025-04-17,ETHA,ETH,0.0
2025-04-17,FETH,ETH,0.0
2025-04-17,ETHW,ETH,0.0
2025-04-17,TETH,ETH,0.0
2025-04-17,ETHV,ETH,0.0
2025-04-17,QETH,ETH,0.0
2025-04-17,EZET,ETH,0.0
2025-04-17,ETHE,ETH,0.0
2025-04-17,ETH,ETH,0.0
2025-04-21,ETHA,ETH,0.0
2025-04-21,FETH,ETH,0.0
2025-04-21,ETHW,ETH,0.0
2025-04-21,TETH,ETH,0.0
2025-04-21,ETHV,ETH,0.0
2025-04-21,QETH,ETH,0.0
2025-04-21,EZET,ETH,0.0
2025-04-21,ETHE,ETH,-25.4
2025-04-21,ETH,ETH,0.0
2025-04-22,ETHA,ETH,0.0
2025-04-22,FETH,ETH,32.7
2025-04-22,ETHW,ETH,6.1
2025-04-22,TETH,ETH,0.0
2025-04-22,ETHV,ETH,0.0
2025-04-22,QETH,ETH,0.0
2025-04-22,EZET,ETH,0.0
2025-04-22,ETHE,ETH,0.0
2025-04-22,ETH,ETH,0.0
2025-04-23,ETHA,ETH,-30.3
2025-04-23,FETH,ETH,0.0
2025-04-23,ETHW,ETH,0.0
2025-04-23,TETH,ETH,0.0
2025-04-23,ETHV,ETH,0.0
2025-04-23,QETH,ETH,0.0
2025-04-23,EZET,ETH,0.0
2025-04-23,ETHE,ETH,0.0
2025-04-23,ETH,ETH,6.4
2025-04-24,ETHA,ETH,40.0
2025-04-24,FETH,ETH,0.0
2025-04-24,ETHW,ETH,5.1
2025-04-24,TETH,ETH,4.1
2025-04-24,ETHV,ETH,2.6
2025-04-24,QETH,ETH,0.0
2025-04-24,EZET,ETH,0.0
2025-04-24,ETHE,ETH,-6.6
2025-04-24,ETH,ETH,18.3
2025-04-25,ETHA,ETH,54.4
2025-04-25,FETH,ETH,35.9
2025-04-25,ETHW,ETH,1.8
2025-04-25,TETH,ETH,0.0
2025-04-25,ETHV,ETH,0.0
2025-04-25,QETH,ETH,1.8
2025-04-25,EZET,ETH,0.0
2025-04-25,ETHE,ETH,0.0
2025-04-25,ETH,ETH,10.2
2025-04-28,ETHA,ETH,67.5
2025-04-28,FETH,ETH,0.0
2025-04-28,ETHW,ETH,-3.4
2025-04-28,TETH,ETH,0.0
2025-04-28,ETHV,ETH,0.0
2025-04-28,QETH,ETH,0.0
2025-04-28,EZET,ETH,0.0
2025-04-28,ETHE,ETH,0.0
2025-04-28,ETH,ETH,0.0
2025-04-29,ETHA,ETH,0.0
2025-04-29,FETH,ETH,25.5
2025-04-29,ETHW,ETH,0.0
2025-04-29,TETH,ETH,0.0
2025-04-29,ETHV,ETH,0.0
2025-04-29,QETH,ETH,0.0
2025-04-29,EZET,ETH,0.0
2025-04-29,ETHE,ETH,-7.1
2025-04-29,ETH,ETH,0.0
2025-04-30,ETHA,ETH,0.0
2025-04-30,FETH,ETH,5.8
2025-04-30,ETHW,ETH,-1.0
2025-04-30,TETH,ETH,0.0
2025-04-30,ETHV,ETH,0.0
2025-04-30,QETH,ETH,0.0
2025-04-30,EZET,ETH,0.0
2025-04-30,ETHE,ETH,-7.1
2025-04-30,ETH,ETH,0.0
2025-05-01,ETHA,ETH,0.0
2025-05-01,FETH,ETH,6.5
2025-05-01,ETHW,ETH,0.0
2025-05-01,TETH,ETH,0.0
2025-05-01,ETHV,ETH,0.0
2025-05-01,QETH,ETH,0.0
2025-05-01,EZET,ETH,0.0
2025-05-01,ETHE,ETH,-12.0
2025-05-01,ETH,ETH,12.0
2025-05-02,ETHA,ETH,20.1
2025-05-02,FETH,ETH,0.0
2025-05-02,ETHW,ETH,0.0
2025-05-02,TETH,ETH,0.0
2025-05-02,ETHV,ETH,0.0
2025-05-02,QETH,ETH,0.0
2025-05-02,EZET,ETH,0.0
2025-05-02,ETHE,ETH,0.0
2025-05-02,ETH,ETH,0.0
2025-05-05,ETHA,ETH,0.0
2025-05-05,FETH,ETH,0.0
2025-05-05,ETHW,ETH,0.0
2025-05-05,TETH,ETH,0.0
2025-05-05,ETHV,ETH,0.0
2025-05-05,QETH,ETH,0.0
2025-05-05,EZET,ETH,0.0
2025-05-05,ETHE,ETH,0.0
2025-05-05,ETH,ETH,0.0
2025-05-06,ETHA,ETH,0.0
2025-05-06,FETH,ETH,-17.9
2025-05-06,ETHW,ETH,0.0
2025-05-06,TETH,ETH,0.0
2025-05-06,ETHV,ETH,0.0
2025-05-06,QETH,ETH,0.0
2025-05-06,EZET,ETH,0.0
2025-05-06,ETHE,ETH,0.0
2025-05-06,ETH,ETH,0.0
2025-05-07,ETHA,ETH,-21.8
2025-05-07,FETH,ETH,0.0
2025-05-07,ETHW,ETH,0.0
2025-05-07,TETH,ETH,0.0
2025-05-07,ETHV,ETH,0.0
2025-05-07,QETH,ETH,0.0
2025-05-07,EZET,ETH,0.0
2025-05-07,ETHE,ETH,0.0
2025-05-07,ETH,ETH,0.0
2025-05-08,ETHA,ETH,0.0
2025-05-08,FETH,ETH,-19.3
2025-05-08,ETHW,ETH,0.0
2025-05-08,TETH,ETH,0.0
2025-05-08,ETHV,ETH,0.0
2025-05-08,QETH,ETH,0.0
2025-05-08,EZET,ETH,0.0
2025-05-08,ETHE,ETH,0.0
2025-05-08,ETH,ETH,3.2
2025-05-09,ETHA,ETH,17.6
2025-05-09,FETH,ETH,0.0
2025-05-09,ETHW,ETH,0.0
2025-05-09,TETH,ETH,0.0
2025-05-09,ETHV,ETH,0.0
2025-05-09,QETH,ETH,0.0
2025-05-09,EZET,ETH,0.0
2025-05-09,ETHE,ETH,0.0
2025-05-09,ETH,ETH,0.0
2025-05-12,ETHA,ETH,0.0
2025-05-12,FETH,ETH,-8.0
2025-05-12,ETHW,ETH,0.0
2025-05-12,TETH,ETH,0.0
2025-05-12,ETHV,ETH,0.0
2025-05-12,QETH,ETH,0.0
2025-05-12,EZET,ETH,0.0
2025-05-12,ETHE,ETH,-9.6
2025-05-12,ETH,ETH,0.0
2025-05-13,ETHA,ETH,0.0
2025-05-13,FETH,ETH,0.0
2025-05-13,ETHW,ETH,0.0
2025-05-13,TETH,ETH,0.0
2025-05-13,ETHV,ETH,3.0
2025-05-13,QETH,ETH,0.0
2025-05-13,EZET,ETH,3.1
2025-05-13,ETHE,ETH,0.0
2025-05-13,ETH,ETH,7.4
2025-05-14,ETHA,ETH,57.6
2025-05-14,FETH,ETH,5.9
2025-05-14,ETHW,ETH,0.0
2025-05-14,TETH,ETH,0.0
2025-05-14,ETHV,ETH,0.0
2025-05-14,QETH,ETH,0.0
2025-05-14,EZET,ETH,0.0
2025-05-14,ETHE,ETH,0.0
2025-05-14,ETH,ETH,0.0
2025-05-15,ETHA,ETH,8.4
2025-05-15,FETH,ETH,-31.6
2025-05-15,ETHW,ETH,0.0
2025-05-15,TETH,ETH,0.0
2025-05-15,ETHV,ETH,0.0
2025-05-15,QETH,ETH,0.0
2025-05-15,EZET,ETH,0.0
2025-05-15,ETHE,ETH,-16.6
2025-05-15,ETH,ETH,0.0
2025-05-16,ETHA,ETH,0.0
2025-05-16,FETH,ETH,13.6
2025-05-16,ETHW,ETH,0.0
2025-05-16,TETH,ETH,0.0
2025-05-16,ETHV,ETH,0.0
2025-05-16,QETH,ETH,0.0
2025-05-16,EZET,ETH,0.0
2025-05-16,ETHE,ETH,0.0
2025-05-16,ETH,ETH,8.6
2025-05-19,ETHA,ETH,13.7
2025-05-19,FETH,ETH,0.0
2025-05-19,ETHW,ETH,0.0
2025-05-19,TETH,ETH,0.0
2025-05-19,ETHV,ETH,0.0
2025-05-19,QETH,ETH,0.0
2025-05-19,EZET,ETH,0.0
2025-05-19,ETHE,ETH,0.0
2025-05-19,ETH,ETH,0.0
2025-05-20,ETHA,ETH,45.0
2025-05-20,FETH,ETH,19.8
2025-05-20,ETHW,ETH,0.0
2025-05-20,TETH,ETH,0.0
2025-05-20,ETHV,ETH,0.0
2025-05-20,QETH,ETH,0.0
2025-05-20,EZET,ETH,0.0
2025-05-20,ETHE,ETH,0.0
2025-05-20,ETH,ETH,0.0
2025-05-21,ETHA,ETH,24.9
2025-05-21,FETH,ETH,-24.3
2025-05-21,ETHW,ETH,0.0
2025-05-21,TETH,ETH,0.0
2025-05-21,ETHV,ETH,0.0
2025-05-21,QETH,ETH,0.0
2025-05-21,EZET,ETH,0.0
2025-05-21,ETHE,ETH,0.0
2025-05-21,ETH,ETH,0.0
2025-05-22,ETHA,ETH,0.0
2025-05-22,FETH,ETH,42.2
2025-05-22,ETHW,ETH,5.7
2025-05-22,TETH,ETH,0.0
2025-05-22,ETHV,ETH,0.0
2025-05-22,QETH,ETH,0.0
2025-05-22,EZET,ETH,0.0
2025-05-22,ETHE,ETH,43.7
2025-05-22,ETH,ETH,18.9
2025-05-23,ETHA,ETH,52.8
2025-05-23,FETH,ETH,0.0
2025-05-23,ETHW,ETH,0.0
2025-05-23,TETH,ETH,0.0
2025-05-23,ETHV,ETH,0.0
2025-05-23,QETH,ETH,0.0
2025-05-23,EZET,ETH,0.0
2025-05-23,ETHE,ETH,0.0
2025-05-23,ETH,ETH,5.8
2025-05-27,ETHA,ETH,32.5
2025-05-27,FETH,ETH,3.4
2025-05-27,ETHW,ETH,0.0
2025-05-27,TETH,ETH,0.0
2025-05-27,ETHV,ETH,2.9
2025-05-27,QETH,ETH,0.0
2025-05-27,EZET,ETH,0.0
2025-05-27,ETHE,ETH,0.0
2025-05-27,ETH,ETH,0.0
2025-05-28,ETHA,ETH,52.7
2025-05-28,FETH,ETH,25.7
2025-05-28,ETHW,ETH,0.0
2025-05-28,TETH,ETH,0.0
2025-05-28,ETHV,ETH,0.0
2025-05-28,QETH,ETH,1.6
2025-05-28,EZET,ETH,0.0
2025-05-28,ETHE,ETH,0.0
2025-05-28,ETH,ETH,4.9
2025-05-29,ETHA,ETH,50.4
2025-05-29,FETH,ETH,38.3
2025-05-29,ETHW,ETH,4.6
2025-05-29,TETH,ETH,0.0
2025-05-29,ETHV,ETH,0.0
2025-05-29,QETH,ETH,0.0
2025-05-29,EZET,ETH,0.0
2025-05-29,ETHE,ETH,-4.6
2025-05-29,ETH,ETH,3.2
2025-05-30,ETHA,ETH,70.2
2025-05-30,FETH,ETH,0.0
2025-05-30,ETHW,ETH,0.0
2025-05-30,TETH,ETH,0.0
2025-05-30,ETHV,ETH,0.0
2025-05-30,QETH,ETH,0.0
2025-05-30,EZET,ETH,0.0
2025-05-30,ETHE,ETH,0.0
2025-05-30,ETH,ETH,0.0
2025-06-02,ETHA,ETH,48.4
2025-06-02,FETH,ETH,29.8
2025-06-02,ETHW,ETH,0.0
2025-06-02,TETH,ETH,0.0
2025-06-02,ETHV,ETH,0.0
2025-06-02,QETH,ETH,0.0
2025-06-02,EZET,ETH,0.0
2025-06-02,ETHE,ETH,0.0
2025-06-02,ETH,ETH,0.0
2025-06-03,ETHA,ETH,77.1
2025-06-03,FETH,ETH,21.0
2025-06-03,ETHW,ETH,0.0
2025-06-03,TETH,ETH,0.0
2025-06-03,ETHV,ETH,0.0
2025-06-03,QETH,ETH,0.0
2025-06-03,EZET,ETH,3.0
2025-06-03,ETHE,ETH,0.0
2025-06-03,ETH,ETH,8.4
2025-06-04,ETHA,ETH,73.2
2025-06-04,FETH,ETH,-23.6
2025-06-04,ETHW,ETH,0.0
2025-06-04,TETH,ETH,0.0
2025-06-04,ETHV,ETH,0.0
2025-06-04,QETH,ETH,0.0
2025-06-04,EZET,ETH,0.0
2025-06-04,ETHE,ETH,0.0
2025-06-04,ETH,ETH,7.4
2025-06-05,ETHA,ETH,34.7
2025-06-05,FETH,ETH,-23.4
2025-06-05,ETHW,ETH,0.0
2025-06-05,TETH,ETH,0.0
2025-06-05,ETHV,ETH,0.0
2025-06-05,QETH,ETH,0.0
2025-06-05,EZET,ETH,0.0
2025-06-05,ETHE,ETH,0.0
2025-06-05,ETH,ETH,0.0
2025-06-06,ETHA,ETH,15.9
2025-06-06,FETH,ETH,0.0
2025-06-06,ETHW,ETH,0.0
2025-06-06,TETH,ETH,0.0
2025-06-06,ETHV,ETH,0.0
2025-06-06,QETH,ETH,0.0
2025-06-06,EZET,ETH,0.0
2025-06-06,ETHE,ETH,0.0
2025-06-06,ETH,ETH,9.4
2025-06-09,ETHA,ETH,35.2
2025-06-09,FETH,ETH,12.9
2025-06-09,ETHW,ETH,0.0
2025-06-09,TETH,ETH,0.0
2025-06-09,ETHV,ETH,0.0
2025-06-09,QETH,ETH,0.0
2025-06-09,EZET,ETH,0.0
2025-06-09,ETHE,ETH,0.0
2025-06-09,ETH,ETH,4.6
2025-06-10,ETHA,ETH,80.6
2025-06-10,FETH,ETH,26.3
2025-06-10,ETHW,ETH,8.4
2025-06-10,TETH,ETH,0.0
2025-06-10,ETHV,ETH,0.0
2025-06-10,QETH,ETH,0.0
2025-06-10,EZET,ETH,0.0
2025-06-10,ETHE,ETH,0.0
2025-06-10,ETH,ETH,9.7
2025-06-11,ETHA,ETH,163.6
2025-06-11,FETH,ETH,37.3
2025-06-11,ETHW,ETH,6.5
2025-06-11,TETH,ETH,0.0
2025-06-11,ETHV,ETH,0.0
2025-06-11,QETH,ETH,0.0
2025-06-11,EZET,ETH,0.0
2025-06-11,ETHE,ETH,13.3
2025-06-11,ETH,ETH,19.6
2025-06-12,ETHA,ETH,101.5
2025-06-12,FETH,ETH,10.8
2025-06-12,ETHW,ETH,0.0
2025-06-12,TETH,ETH,0.0
2025-06-12,ETHV,ETH,0.0
2025-06-12,QETH,ETH,0.0
2025-06-12,EZET,ETH,0.0
2025-06-12,ETHE,ETH,0.0
2025-06-12,ETH,ETH,0.0
2025-06-13,ETHA,ETH,0.0
2025-06-13,FETH,ETH,-8.8
2025-06-13,ETHW,ETH,0.0
2025-06-13,TETH,ETH,0.0
2025-06-13,ETHV,ETH,0.0
2025-06-13,QETH,ETH,0.0
2025-06-13,EZET,ETH,0.0
2025-06-13,ETHE,ETH,0.0
2025-06-13,ETH,ETH,6.7
2025-06-16,ETHA,ETH,16.1
2025-06-16,FETH,ETH,5.3
2025-06-16,ETHW,ETH,0.0
2025-06-16,TETH,ETH,0.0
2025-06-16,ETHV,ETH,0.0
2025-06-16,QETH,ETH,0.0
2025-06-16,EZET,ETH,0.0
2025-06-16,ETHE,ETH,0.0
2025-06-16,ETH,ETH,0.0
2025-06-17,ETHA,ETH,36.7
2025-06-17,FETH,ETH,-20.2
2025-06-17,ETHW,ETH,3.6
2025-06-17,TETH,ETH,0.0
2025-06-17,ETHV,ETH,0.0
2025-06-17,QETH,ETH,0.0
2025-06-17,EZET,ETH,0.0
2025-06-17,ETHE,ETH,-9.0
2025-06-17,ETH,ETH,0.0
2025-06-18,ETHA,ETH,15.1
2025-06-18,FETH,ETH,0.0
2025-06-18,ETHW,ETH,0.0
2025-06-18,TETH,ETH,0.0
2025-06-18,ETHV,ETH,0.0
2025-06-18,QETH,ETH,0.0
2025-06-18,EZET,ETH,0.0
2025-06-18,ETHE,ETH,0.0
2025-06-18,ETH,ETH,4.0
2025-06-20,ETHA,ETH,-19.7
2025-06-20,FETH,ETH,0.0
2025-06-20,ETHW,ETH,0.0
2025-06-20,TETH,ETH,0.0
2025-06-20,ETHV,ETH,1.8
2025-06-20,QETH,ETH,0.0
2025-06-20,EZET,ETH,0.0
2025-06-20,ETHE,ETH,0.0
2025-06-20,ETH,ETH,6.6
2025-06-23,ETHA,ETH,25.8
2025-06-23,FETH,ETH,60.5
2025-06-23,ETHW,ETH,0.0
2025-06-23,TETH,ETH,0.0
2025-06-23,ETHV,ETH,0.0
2025-06-23,QETH,ETH,0.0
2025-06-23,EZET,ETH,0.0
2025-06-23,ETHE,ETH,9.0
2025-06-23,ETH,ETH,5.4
2025-06-24,ETHA,ETH,98.0
2025-06-24,FETH,ETH,-26.7
2025-06-24,ETHW,ETH,0.0
2025-06-24,TETH,ETH,0.0
2025-06-24,ETHV,ETH,0.0
2025-06-24,QETH,ETH,0.0
2025-06-24,EZET,ETH,0.0
2025-06-24,ETHE,ETH,0.0
2025-06-24,ETH,ETH,0.0
2025-06-25,ETHA,ETH,55.2
2025-06-25,FETH,ETH,0.0
2025-06-25,ETHW,ETH,5.2
2025-06-25,TETH,ETH,0.0
2025-06-25,ETHV,ETH,0.0
2025-06-25,QETH,ETH,0.0
2025-06-25,EZET,ETH,0.0
2025-06-25,ETHE,ETH,0.0
2025-06-25,ETH,ETH,0.0
2025-06-26,ETHA,ETH,5.9
2025-06-26,FETH,ETH,4.9
2025-06-26,ETHW,ETH,2.6
2025-06-26,TETH,ETH,0.0
2025-06-26,ETHV,ETH,0.0
2025-06-26,QETH,ETH,0.0
2025-06-26,EZET,ETH,0.0
2025-06-26,ETHE,ETH,-27.4
2025-06-26,ETH,ETH,-12.4
2025-06-27,ETHA,ETH,48.1
2025-06-27,FETH,ETH,28.9
2025-06-27,ETHW,ETH,0.0
2025-06-27,TETH,ETH,0.5
2025-06-27,ETHV,ETH,0.0
2025-06-27,QETH,ETH,0.0
2025-06-27,EZET,ETH,0.0
2025-06-27,ETHE,ETH,0.0
2025-06-27,ETH,ETH,0.0
2025-06-30,ETHA,ETH,6.1
2025-06-30,FETH,ETH,25.7
2025-06-30,ETHW,ETH,0.0
2025-06-30,TETH,ETH,0.0
2025-06-30,ETHV,ETH,0.0
2025-06-30,QETH,ETH,0.0
2025-06-30,EZET,ETH,0.0
2025-06-30,ETHE,ETH,0.0
2025-06-30,ETH,ETH,0.0
2025-07-01,ETHA,ETH,54.8
2025-07-01,FETH,ETH,-24.1
2025-07-01,ETHW,ETH,0.0
2025-07-01,TETH,ETH,0.0
2025-07-01,ETHV,ETH,0.0
2025-07-01,QETH,ETH,0.0
2025-07-01,EZET,ETH,0.0
2025-07-01,ETHE,ETH,10.0
2025-07-01,ETH,ETH,0.0
2025-07-02,ETHA,ETH,-46.9
2025-07-02,FETH,ETH,25.8
2025-07-02,ETHW,ETH,8.3
2025-07-02,TETH,ETH,0.0
2025-07-02,ETHV,ETH,2.8
2025-07-02,QETH,ETH,0.0
2025-07-02,EZET,ETH,0.0
2025-07-02,ETHE,ETH,0.0
2025-07-02,ETH,ETH,8.1
2025-07-03,ETHA,ETH,85.4
2025-07-03,FETH,ETH,64.6
2025-07-03,ETHW,ETH,0.0
2025-07-03,TETH,ETH,0.0
2025-07-03,ETHV,ETH,0.0
2025-07-03,QETH,ETH,0.0
2025-07-03,EZET,ETH,0.0
2025-07-03,ETHE,ETH,-5.4
2025-07-03,ETH,ETH,3.9
2025-07-07,ETHA,ETH,53.2
2025-07-07,FETH,ETH,8.9
2025-07-07,ETHW,ETH,0.0
2025-07-07,TETH,ETH,0.0
2025-07-07,ETHV,ETH,0.0
2025-07-07,QETH,ETH,0.0
2025-07-07,EZET,ETH,0.0
2025-07-07,ETHE,ETH,0.0
2025-07-07,ETH,ETH,0.0
2025-07-08,ETHA,ETH,25.3
2025-07-08,FETH,ETH,-0.7
2025-07-08,ETHW,ETH,4.9
2025-07-08,TETH,ETH,0.0
2025-07-08,ETHV,ETH,0.0
2025-07-08,QETH,ETH,0.0
2025-07-08,EZET,ETH,0.0
2025-07-08,ETHE,ETH,7.9
2025-07-08,ETH,ETH,9.3
2025-07-09,ETHA,ETH,158.6
2025-07-09,FETH,ETH,29.5
2025-07-09,ETHW,ETH,0.0
2025-07-09,TETH,ETH,0.0
2025-07-09,ETHV,ETH,0.0
2025-07-09,QETH,ETH,0.0
2025-07-09,EZET,ETH,5.2
2025-07-09,ETHE,ETH,0.0
2025-07-09,ETH,ETH,18.0
2025-07-10,ETHA,ETH,300.9
2025-07-10,FETH,ETH,37.3
2025-07-10,ETHW,ETH,3.2
2025-07-10,TETH,ETH,0.0
2025-07-10,ETHV,ETH,2.1
2025-07-10,QETH,ETH,0.0
2025-07-10,EZET,ETH,0.0
2025-07-10,ETHE,ETH,18.9
2025-07-10,ETH,ETH,20.7
2025-07-11,ETHA,ETH,137.1
2025-07-11,FETH,ETH,12.0
2025-07-11,ETHW,ETH,8.6
2025-07-11,TETH,ETH,5.1
2025-07-11,ETHV,ETH,6.6
2025-07-11,QETH,ETH,0.0
2025-07-11,EZET,ETH,0.0
2025-07-11,ETHE,ETH,10.0
2025-07-11,ETH,ETH,25.5
2025-07-14,ETHA,ETH,151.4
2025-07-14,FETH,ETH,31.4
2025-07-14,ETHW,ETH,11.2
2025-07-14,TETH,ETH,0.0
2025-07-14,ETHV,ETH,6.6
2025-07-14,QETH,ETH,0.0
2025-07-14,EZET,ETH,5.7
2025-07-14,ETHE,ETH,8.9
2025-07-14,ETH,ETH,43.8
2025-07-15,ETHA,ETH,171.5
2025-07-15,FETH,ETH,12.2
2025-07-15,ETHW,ETH,0.0
2025-07-15,TETH,ETH,0.0
2025-07-15,ETHV,ETH,0.0
2025-07-15,QETH,ETH,0.0
2025-07-15,EZET,ETH,0.0
2025-07-15,ETHE,ETH,0.0
2025-07-15,ETH,ETH,8.6
2025-07-16,ETHA,ETH,499.2
2025-07-16,FETH,ETH,113.3
2025-07-16,ETHW,ETH,14.4
2025-07-16,TETH,ETH,0.0
2025-07-16,ETHV,ETH,3.7
2025-07-16,QETH,ETH,3.7
2025-07-16,EZET,ETH,5.1
2025-07-16,ETHE,ETH,33.0
2025-07-16,ETH,ETH,54.2
2025-07-17,ETHA,ETH,546.7
2025-07-17,FETH,ETH,17.2
2025-07-17,ETHW,ETH,4.4
2025-07-17,TETH,ETH,3.8
2025-07-17,ETHV,ETH,0.0
2025-07-17,QETH,ETH,0.0
2025-07-17,EZET,ETH,0.0
2025-07-17,ETHE,ETH,0.0
2025-07-17,ETH,ETH,29.9
2025-07-18,ETHA,ETH,394.9
2025-07-18,FETH,ETH,-45.4
2025-07-18,ETHW,ETH,13.0
2025-07-18,TETH,ETH,0.0
2025-07-18,ETHV,ETH,2.6
2025-07-18,QETH,ETH,0.0
2025-07-18,EZET,ETH,0.0
2025-07-18,ETHE,ETH,-27.9
2025-07-18,ETH,ETH,65.3
2025-07-21,ETHA,ETH,102.0
2025-07-21,FETH,ETH,126.9
2025-07-21,ETHW,ETH,13.1
2025-07-21,TETH,ETH,-0.4
2025-07-21,ETHV,ETH,0.0
2025-07-21,QETH,ETH,0.0
2025-07-21,EZET,ETH,0.0
2025-07-21,ETHE,ETH,0.0
2025-07-21,ETH,ETH,54.9
2025-07-22,ETHA,ETH,426.2
2025-07-22,FETH,ETH,35.0
2025-07-22,ETHW,ETH,0.0
2025-07-22,TETH,ETH,0.0
2025-07-22,ETHV,ETH,0.0
2025-07-22,QETH,ETH,0.0
2025-07-22,EZET,ETH,0.0
2025-07-22,ETHE,ETH,0.0
2025-07-22,ETH,ETH,72.6
2025-07-23,ETHA,ETH,324.6
2025-07-23,FETH,ETH,3.6
2025-07-23,ETHW,ETH,0.0
2025-07-23,TETH,ETH,0.0
2025-07-23,ETHV,ETH,4.0
2025-07-23,QETH,ETH,0.0
2025-07-23,EZET,ETH,0.0
2025-07-23,ETHE,ETH,0.0
2025-07-23,ETH,ETH,0.0
2025-07-24,ETHA,ETH,0.0
2025-07-24,FETH,ETH,210.1
2025-07-24,ETHW,ETH,11.5
2025-07-24,TETH,ETH,0.0
2025-07-24,ETHV,ETH,0.0
2025-07-24,QETH,ETH,0.0
2025-07-24,EZET,ETH,2.8
2025-07-24,ETHE,ETH,-18.5
2025-07-24,ETH,ETH,25.3
2025-07-25,ETHA,ETH,440.1
2025-07-25,FETH,ETH,7.3
2025-07-25,ETHW,ETH,10.0
2025-07-25,TETH,ETH,0.0
2025-07-25,ETHV,ETH,0.0
2025-07-25,QETH,ETH,0.0
2025-07-25,EZET,ETH,0.0
2025-07-25,ETHE,ETH,-23.5
2025-07-25,ETH,ETH,18.9
2025-07-28,ETHA,ETH,132.0
2025-07-28,FETH,ETH,-49.2
2025-07-28,ETHW,ETH,0.0
2025-07-28,TETH,ETH,0.0
2025-07-28,ETHV,ETH,0.0
2025-07-28,QETH,ETH,0.0
2025-07-28,EZET,ETH,0.0
2025-07-28,ETHE,ETH,-17.6
2025-07-28,ETH,ETH,0.0
2025-07-29,ETHA,ETH,223.7
2025-07-29,FETH,ETH,0.0
2025-07-29,ETHW,ETH,0.0
2025-07-29,TETH,ETH,-5.1
2025-07-29,ETHV,ETH,0.0
2025-07-29,QETH,ETH,0.0
2025-07-29,EZET,ETH,0.0
2025-07-29,ETHE,ETH,0.0
2025-07-29,ETH,ETH,0.0
2025-07-30,ETHA,ETH,20.3
2025-07-30,FETH,ETH,-22.3
2025-07-30,ETHW,ETH,0.0
2025-07-30,TETH,ETH,0.0
2025-07-30,ETHV,ETH,0.0
2025-07-30,QETH,ETH,0.0
2025-07-30,EZET,ETH,0.0
2025-07-30,ETHE,ETH,7.8
2025-07-30,ETH,ETH,0.0
2025-07-31,ETHA,ETH,18.2
2025-07-31,FETH,ETH,5.6
2025-07-31,ETHW,ETH,0.0
2025-07-31,TETH,ETH,0.0
2025-07-31,ETHV,ETH,0.0
2025-07-31,QETH,ETH,0.0
2025-07-31,EZET,ETH,0.0
2025-07-31,ETHE,ETH,-6.8
2025-07-31,ETH,ETH,0.0
2025-08-01,ETHA,ETH,0.0
2025-08-01,FETH,ETH,-6.2
2025-08-01,ETHW,ETH,-40.3
2025-08-01,TETH,ETH,-1.9
2025-08-01,ETHV,ETH,-5.2
2025-08-01,QETH,ETH,-8.4
2025-08-01,EZET,ETH,-5.4
2025-08-01,ETHE,ETH,-37.2
2025-08-01,ETH,ETH,-47.7
2025-08-04,ETHA,ETH,-375.0
2025-08-04,FETH,ETH,-55.1
2025-08-04,ETHW,ETH,0.0
2025-08-04,TETH,ETH,0.0
2025-08-04,ETHV,ETH,0.0
2025-08-04,QETH,ETH,0.0
2025-08-04,EZET,ETH,0.0
2025-08-04,ETHE,ETH,-7.0
2025-08-04,ETH,ETH,-28.0
2025-08-05,ETHA,ETH,88.8
2025-08-05,FETH,ETH,0.0
2025-08-05,ETHW,ETH,0.0
2025-08-05,TETH,ETH,3.6
2025-08-05,ETHV,ETH,5.2
2025-08-05,QETH,ETH,0.0
2025-08-05,EZET,ETH,0.0
2025-08-05,ETHE,ETH,-10.9
2025-08-05,ETH,ETH,-13.4
2025-08-06,ETHA,ETH,33.4
2025-08-06,FETH,ETH,0.0
2025-08-06,ETHW,ETH,0.0
2025-08-06,TETH,ETH,0.4
2025-08-06,ETHV,ETH,0.0
2025-08-06,QETH,ETH,0.0
2025-08-06,EZET,ETH,0.0
2025-08-06,ETHE,ETH,10.0
2025-08-06,ETH,ETH,-8.7
2025-08-07,ETHA,ETH,103.5
2025-08-07,FETH,ETH,31.8
2025-08-07,ETHW,ETH,24.8
2025-08-07,TETH,ETH,0.0
2025-08-07,ETHV,ETH,7.0
2025-08-07,QETH,ETH,3.9
2025-08-07,EZET,ETH,5.8
2025-08-07,ETHE,ETH,10.9
2025-08-07,ETH,ETH,34.6
2025-08-08,ETHA,ETH,254.7
2025-08-08,FETH,ETH,132.3
2025-08-08,ETHW,ETH,7.8
2025-08-08,TETH,ETH,0.0
2025-08-08,ETHV,ETH,0.0
2025-08-08,QETH,ETH,1.2
2025-08-08,EZET,ETH,0.0
2025-08-08,ETHE,ETH,26.8
2025-08-08,ETH,ETH,38.2
2025-08-11,ETHA,ETH,639.8
2025-08-11,FETH,ETH,276.9
2025-08-11,ETHW,ETH,4.3
2025-08-11,TETH,ETH,3.9
2025-08-11,ETHV,ETH,9.4
2025-08-11,QETH,ETH,0.0
2025-08-11,EZET,ETH,4.9
2025-08-11,ETHE,ETH,13.0
2025-08-11,ETH,ETH,66.6
2025-08-12,ETHA,ETH,318.7
2025-08-12,FETH,ETH,144.9
2025-08-12,ETHW,ETH,0.0
2025-08-12,TETH,ETH,1.8
2025-08-12,ETHV,ETH,4.9
2025-08-12,QETH,ETH,0.0
2025-08-12,EZET,ETH,0.0
2025-08-12,ETHE,ETH,9.3
2025-08-12,ETH,ETH,44.3
2025-08-13,ETHA,ETH,500.9
2025-08-13,FETH,ETH,154.7
2025-08-13,ETHW,ETH,10.8
2025-08-13,TETH,ETH,0.0
2025-08-13,ETHV,ETH,0.0
2025-08-13,QETH,ETH,0.0
2025-08-13,EZET,ETH,3.6
2025-08-13,ETHE,ETH,7.8
2025-08-13,ETH,ETH,51.3
2025-08-14,ETHA,ETH,519.7
2025-08-14,FETH,ETH,56.9
2025-08-14,ETHW,ETH,0.0
2025-08-14,TETH,ETH,0.0
2025-08-14,ETHV,ETH,0.0
2025-08-14,QETH,ETH,2.3
2025-08-14,EZET,ETH,0.0
2025-08-14,ETHE,ETH,0.0
2025-08-14,ETH,ETH,60.7
2025-08-15,ETHA,ETH,338.1
2025-08-15,FETH,ETH,-272.2
2025-08-15,ETHW,ETH,-15.8
2025-08-15,TETH,ETH,-4.4
2025-08-15,ETHV,ETH,0.0
2025-08-15,QETH,ETH,0.0
2025-08-15,EZET,ETH,0.0
2025-08-15,ETHE,ETH,-101.7
2025-08-15,ETH,ETH,-3.3
2025-08-18,ETHA,ETH,-87.2
2025-08-18,FETH,ETH,-78.4
2025-08-18,ETHW,ETH,-0.9
2025-08-18,TETH,ETH,0.0
2025-08-18,ETHV,ETH,-4.8
2025-08-18,QETH,ETH,0.0
2025-08-18,EZET,ETH,-6.6
2025-08-18,ETHE,ETH,-18.7
2025-08-18,ETH,ETH,0.0
2025-08-19,ETHA,ETH,-6.3
2025-08-19,FETH,ETH,-156.3
2025-08-19,ETHW,ETH,-39.8
2025-08-19,TETH,ETH,0.0
2025-08-19,ETHV,ETH,-3.0
2025-08-19,QETH,ETH,-7.4
2025-08-19,EZET,ETH,-6.3
2025-08-19,ETHE,ETH,-122.0
2025-08-19,ETH,ETH,-88.5
2025-08-20,ETHA,ETH,-257.8
2025-08-20,FETH,ETH,8.6
2025-08-20,ETHW,ETH,0.0
2025-08-20,TETH,ETH,0.0
2025-08-20,ETHV,ETH,0.0
2025-08-20,QETH,ETH,0.0
2025-08-20,EZET,ETH,0.0
2025-08-20,ETHE,ETH,0.0
2025-08-20,ETH,ETH,9.0
2025-08-21,ETHA,ETH,233.6
2025-08-21,FETH,ETH,28.5
2025-08-21,ETHW,ETH,7.0
2025-08-21,TETH,ETH,0.0
2025-08-21,ETHV,ETH,6.2
2025-08-21,QETH,ETH,0.0
2025-08-21,EZET,ETH,0.0
2025-08-21,ETHE,ETH,5.9
2025-08-21,ETH,ETH,6.4
2025-08-22,ETHA,ETH,109.4
2025-08-22,FETH,ETH,117.9
2025-08-22,ETHW,ETH,36.3
2025-08-22,TETH,ETH,0.0
2025-08-22,ETHV,ETH,3.5
2025-08-22,QETH,ETH,0.0
2025-08-22,EZET,ETH,5.5
2025-08-22,ETHE,ETH,45.9
2025-08-22,ETH,ETH,22.7
2025-08-25,ETHA,ETH,314.9
2025-08-25,FETH,ETH,87.4
2025-08-25,ETHW,ETH,9.7
2025-08-25,TETH,ETH,5.6
2025-08-25,ETHV,ETH,0.0
2025-08-25,QETH,ETH,2.2
2025-08-25,EZET,ETH,0.0
2025-08-25,ETHE,ETH,-29.2
2025-08-25,ETH,ETH,53.3
2025-08-26,ETHA,ETH,323.1
2025-08-26,FETH,ETH,85.5
2025-08-26,ETHW,ETH,0.0
2025-08-26,TETH,ETH,0.0
2025-08-26,ETHV,ETH,0.0
2025-08-26,QETH,ETH,0.0
2025-08-26,EZET,ETH,0.0
2025-08-26,ETHE,ETH,5.3
2025-08-26,ETH,ETH,41.1
2025-08-27,ETHA,ETH,262.6
2025-08-27,FETH,ETH,20.5
2025-08-27,ETHW,ETH,0.0
2025-08-27,TETH,ETH,2.3
2025-08-27,ETHV,ETH,3.3
2025-08-27,QETH,ETH,0.0
2025-08-27,EZET,ETH,0.0
2025-08-27,ETHE,ETH,5.7
2025-08-27,ETH,ETH,15.1
2025-08-28,ETHA,ETH,67.6
2025-08-28,FETH,ETH,-33.5
2025-08-28,ETHW,ETH,-1.3
2025-08-28,TETH,ETH,0.0
2025-08-28,ETHV,ETH,0.0
2025-08-28,QETH,ETH,0.0
2025-08-28,EZET,ETH,0.0
2025-08-28,ETHE,ETH,0.0
2025-08-28,ETH,ETH,6.3
2025-08-29,ETHA,ETH,0.0
2025-08-29,FETH,ETH,-51.0
2025-08-29,ETHW,ETH,-23.7
2025-08-29,TETH,ETH,0.0
2025-08-29,ETHV,ETH,0.0
2025-08-29,QETH,ETH,0.0
2025-08-29,EZET,ETH,0.0
2025-08-29,ETHE,ETH,-28.6
2025-08-29,ETH,ETH,-61.3
2025-09-02,ETHA,ETH,0.0
2025-09-02,FETH,ETH,-99.2
2025-09-02,ETHW,ETH,-24.2
2025-09-02,TETH,ETH,-6.6
2025-09-02,ETHV,ETH,0.0
2025-09-02,QETH,ETH,0.0
2025-09-02,EZET,ETH,0.0
2025-09-02,ETHE,ETH,-5.3
2025-09-02,ETH,ETH,0.0
2025-09-03,ETHA,ETH,-151.4
2025-09-03,FETH,ETH,65.8
2025-09-03,ETHW,ETH,20.8
2025-09-03,TETH,ETH,0.0
2025-09-03,ETHV,ETH,0.0
2025-09-03,QETH,ETH,0.0
2025-09-03,EZET,ETH,0.0
2025-09-03,ETHE,ETH,0.0
2025-09-03,ETH,ETH,26.6
2025-09-04,ETHA,ETH,148.8
2025-09-04,FETH,ETH,-216.7
2025-09-04,ETHW,ETH,-45.7
2025-09-04,TETH,ETH,0.0
2025-09-04,ETHV,ETH,-17.2
2025-09-04,QETH,ETH,-2.1
2025-09-04,EZET,ETH,-1.6
2025-09-04,ETHE,ETH,-26.4
2025-09-04,ETH,ETH,-6.4
2025-09-05,ETHA,ETH,-309.9
2025-09-05,FETH,ETH,-37.8
2025-09-05,ETHW,ETH,0.0
2025-09-05,TETH,ETH,-14.7
2025-09-05,ETHV,ETH,0.0
2025-09-05,QETH,ETH,0.0
2025-09-05,EZET,ETH,0.0
2025-09-05,ETHE,ETH,-51.8
2025-09-05,ETH,ETH,-32.6
2025-09-08,ETHA,ETH,-192.7
2025-09-08,FETH,ETH,75.2
2025-09-08,ETHW,ETH,0.0
2025-09-08,TETH,ETH,0.0
2025-09-08,ETHV,ETH,0.0
2025-09-08,QETH,ETH,0.0
2025-09-08,EZET,ETH,0.0
2025-09-08,ETHE,ETH,9.5
2025-09-08,ETH,ETH,11.3
2025-09-09,ETHA,ETH,44.2
2025-09-09,FETH,ETH,0.0
2025-09-09,ETHW,ETH,0.0
2025-09-09,TETH,ETH,0.0
2025-09-09,ETHV,ETH,0.0
2025-09-09,QETH,ETH,0.0
2025-09-09,EZET,ETH,0.0
2025-09-09,ETHE,ETH,0.0
2025-09-09,ETH,ETH,0.0
2025-09-10,ETHA,ETH,74.5
2025-09-10,FETH,ETH,49.5
2025-09-10,ETHW,ETH,8.4
2025-09-10,TETH,ETH,7.1
2025-09-10,ETHV,ETH,11.1
2025-09-10,QETH,ETH,4.3
2025-09-10,EZET,ETH,0.0
2025-09-10,ETHE,ETH,8.9
2025-09-10,ETH,ETH,7.7
2025-09-11,ETHA,ETH,-17.4
2025-09-11,FETH,ETH,88.3
2025-09-11,ETHW,ETH,19.6
2025-09-11,TETH,ETH,0.0
2025-09-11,ETHV,ETH,0.0
2025-09-11,QETH,ETH,0.0
2025-09-11,EZET,ETH,3.4
2025-09-11,ETHE,ETH,14.6
2025-09-11,ETH,ETH,4.6
2025-09-12,ETHA,ETH,165.6
2025-09-12,FETH,ETH,168.2
2025-09-12,ETHW,ETH,16.6
2025-09-12,TETH,ETH,6.9
2025-09-12,ETHV,ETH,6.8
2025-09-12,QETH,ETH,0.0
2025-09-12,EZET,ETH,0.0
2025-09-12,ETHE,ETH,23.8
2025-09-12,ETH,ETH,17.6
2025-09-15,ETHA,ETH,363.2
2025-09-15,FETH,ETH,-13.5
2025-09-15,ETHW,ETH,0.0
2025-09-15,TETH,ETH,0.0
2025-09-15,ETHV,ETH,0.0
2025-09-15,QETH,ETH,0.0
2025-09-15,EZET,ETH,0.0
2025-09-15,ETHE,ETH,10.0
2025-09-15,ETH,ETH,0.0
2025-09-16,ETHA,ETH,-20.3
2025-09-16,FETH,ETH,-48.1
2025-09-16,ETHW,ETH,6.7
2025-09-16,TETH,ETH,0.0
2025-09-16,ETHV,ETH,0.0
2025-09-16,QETH,ETH,0.0
2025-09-16,EZET,ETH,0.0
2025-09-16,ETHE,ETH,0.0
2025-09-16,ETH,ETH,0.0
2025-09-17,ETHA,ETH,25.9
2025-09-17,FETH,ETH,-29.2
2025-09-17,ETHW,ETH,-9.7
2025-09-17,TETH,ETH,2.0
2025-09-17,ETHV,ETH,0.0
2025-09-17,QETH,ETH,2.7
2025-09-17,EZET,ETH,0.0
2025-09-17,ETHE,ETH,0.0
2025-09-17,ETH,ETH,6.4
2025-09-18,ETHA,ETH,0.0
2025-09-18,FETH,ETH,159.4
2025-09-18,ETHW,ETH,17.5
2025-09-18,TETH,ETH,0.0
2025-09-18,ETHV,ETH,0.0
2025-09-18,QETH,ETH,0.0
2025-09-18,EZET,ETH,3.5
2025-09-18,ETHE,ETH,9.8
2025-09-18,ETH,ETH,22.9
2025-09-19,ETHA,ETH,144.3
2025-09-19,FETH,ETH,-53.4
2025-09-19,ETHW,ETH,-7.0
2025-09-19,TETH,ETH,-6.0
2025-09-19,ETHV,ETH,-8.2
2025-09-19,QETH,ETH,-4.4
2025-09-19,EZET,ETH,0.0
2025-09-19,ETHE,ETH,-6.2
2025-09-19,ETH,ETH,-11.3
2025-09-22,ETHA,ETH,-15.1
2025-09-22,FETH,ETH,-33.1
2025-09-22,ETHW,ETH,-22.3
2025-09-22,TETH,ETH,0.0
2025-09-22,ETHV,ETH,0.0
2025-09-22,QETH,ETH,0.0
2025-09-22,EZET,ETH,0.0
2025-09-22,ETHE,ETH,0.0
2025-09-22,ETH,ETH,-5.5
2025-09-23,ETHA,ETH,0.0
2025-09-23,FETH,ETH,-63.4
2025-09-23,ETHW,ETH,-23.9
2025-09-23,TETH,ETH,0.0
2025-09-23,ETHV,ETH,0.0
2025-09-23,QETH,ETH,0.0
2025-09-23,EZET,ETH,0.0
2025-09-23,ETHE,ETH,-17.1
2025-09-23,ETH,ETH,-36.4
2025-09-24,ETHA,ETH,-26.5
2025-09-24,FETH,ETH,-33.3
2025-09-24,ETHW,ETH,-4.5
2025-09-24,TETH,ETH,-6.2
2025-09-24,ETHV,ETH,0.0
2025-09-24,QETH,ETH,0.0
2025-09-24,EZET,ETH,0.0
2025-09-24,ETHE,ETH,-8.9
2025-09-24,ETH,ETH,0.0
2025-09-25,ETHA,ETH,0.0
2025-09-25,FETH,ETH,-158.1
2025-09-25,ETHW,ETH,-27.6
2025-09-25,TETH,ETH,-2.4
2025-09-25,ETHV,ETH,-1.4
2025-09-25,QETH,ETH,-2.3
2025-09-25,EZET,ETH,-3.0
2025-09-25,ETHE,ETH,-30.3
2025-09-25,ETH,ETH,-26.1
2025-09-26,ETHA,ETH,-199.9
2025-09-26,FETH,ETH,-74.4
2025-09-26,ETHW,ETH,0.0
2025-09-26,TETH,ETH,8.0
2025-09-26,ETHV,ETH,0.0
2025-09-26,QETH,ETH,0.0
2025-09-26,EZET,ETH,0.0
2025-09-26,ETHE,ETH,17.9
2025-09-26,ETH,ETH,0.0
2025-09-29,ETHA,ETH,154.2
2025-09-29,FETH,ETH,202.2
2025-09-29,ETHW,ETH,36.5
2025-09-29,TETH,ETH,3.1
2025-09-29,ETHV,ETH,15.3
2025-09-29,QETH,ETH,6.7
2025-09-29,EZET,ETH,6.3
2025-09-29,ETHE,ETH,22.8
2025-09-29,ETH,ETH,99.8
2025-09-30,ETHA,ETH,127.5
2025-09-30,FETH,ETH,0.0
2025-09-30,ETHW,ETH,0.0
2025-09-30,TETH,ETH,0.0
2025-09-30,ETHV,ETH,0.0
2025-09-30,QETH,ETH,0.0
2025-09-30,EZET,ETH,0.0
2025-09-30,ETHE,ETH,0.0
2025-09-30,ETH,ETH,0.0
2025-10-01,ETHA,ETH,26.2
2025-10-01,FETH,ETH,36.8
2025-10-01,ETHW,ETH,0.0
2025-10-01,TETH,ETH,0.0
2025-10-01,ETHV,ETH,0.0
2025-10-01,QETH,ETH,0.0
2025-10-01,EZET,ETH,0.0
2025-10-01,ETHE,ETH,3.6
2025-10-01,ETH,ETH,14.3
2025-10-02,ETHA,ETH,177.1
2025-10-02,FETH,ETH,60.7
2025-10-02,ETHW,ETH,46.5
2025-10-02,TETH,ETH,2.7
2025-10-02,ETHV,ETH,3.3
2025-10-02,QETH,ETH,0.0
2025-10-02,EZET,ETH,0.0
2025-10-02,ETHE,ETH,4.1
2025-10-02,ETH,ETH,12.7
2025-10-03,ETHA,ETH,206.7
2025-10-03,FETH,ETH,5.6
2025-10-03,ETHW,ETH,0.0
2025-10-03,TETH,ETH,0.0
2025-10-03,ETHV,ETH,3.3
2025-10-03,QETH,ETH,0.0
2025-10-03,EZET,ETH,0.0
2025-10-03,ETHE,ETH,0.0
2025-10-03,ETH,ETH,17.9
2025-10-06,ETHA,ETH,92.6
2025-10-06,FETH,ETH,23.5
2025-10-06,ETHW,ETH,27.0
2025-10-06,TETH,ETH,0.0
2025-10-06,ETHV,ETH,5.2
2025-10-06,QETH,ETH,0.0
2025-10-06,EZET,ETH,0.0
2025-10-06,ETHE,ETH,14.8
2025-10-06,ETH,ETH,18.7
2025-10-07,ETHA,ETH,437.5
2025-10-07,FETH,ETH,-25.7
2025-10-07,ETHW,ETH,0.0
2025-10-07,TETH,ETH,3.6
2025-10-07,ETHV,ETH,0.0
2025-10-07,QETH,ETH,0.0
2025-10-07,EZET,ETH,0.0
2025-10-07,ETHE,ETH,0.0
2025-10-07,ETH,ETH,5.5
2025-10-08,ETHA,ETH,148.9
2025-10-08,FETH,ETH,-63.1
2025-10-08,ETHW,ETH,0.0
2025-10-08,TETH,ETH,0.0
2025-10-08,ETHV,ETH,0.0
2025-10-08,QETH,ETH,0.0
2025-10-08,EZET,ETH,0.0
2025-10-08,ETHE,ETH,-16.7
2025-10-08,ETH,ETH,0.0
2025-10-09,ETHA,ETH,39.3
2025-10-09,FETH,ETH,-30.3
2025-10-09,ETHW,ETH,-8.1
2025-10-09,TETH,ETH,-2.6
2025-10-09,ETHV,ETH,-4.8
2025-10-09,QETH,ETH,-2.2
2025-10-09,EZET,ETH,0.0
2025-10-09,ETHE,ETH,0.0
2025-10-09,ETH,ETH,0.0
2025-10-10,ETHA,ETH,-80.2
2025-10-10,FETH,ETH,-30.1
2025-10-10,ETHW,ETH,-21.6
2025-10-10,TETH,ETH,0.0
2025-10-10,ETHV,ETH,0.0
2025-10-10,QETH,ETH,0.0
2025-10-10,EZET,ETH,0.0
2025-10-10,ETHE,ETH,-30.6
2025-10-10,ETH,ETH,-12.4
2025-10-13,ETHA,ETH,-310.1
2025-10-13,FETH,ETH,-19.1
2025-10-13,ETHW,ETH,-12.8
2025-10-13,TETH,ETH,0.0
2025-10-13,ETHV,ETH,-9.3
2025-10-13,QETH,ETH,0.0
2025-10-13,EZET,ETH,-6.5
2025-10-13,ETHE,ETH,-21.0
2025-10-13,ETH,ETH,-49.7
2025-10-14,ETHA,ETH,0.0
2025-10-14,FETH,ETH,154.6
2025-10-14,ETHW,ETH,13.3
2025-10-14,TETH,ETH,0.0
2025-10-14,ETHV,ETH,10.5
2025-10-14,QETH,ETH,0.0
2025-10-14,EZET,ETH,7.8
2025-10-14,ETHE,ETH,15.2
2025-10-14,ETH,ETH,34.8
2025-10-15,ETHA,ETH,164.3
2025-10-15,FETH,ETH,1.0
2025-10-15,ETHW,ETH,12.3
2025-10-15,TETH,ETH,-8.0
2025-10-15,ETHV,ETH,0.0
2025-10-15,QETH,ETH,0.0
2025-10-15,EZET,ETH,0.0
2025-10-15,ETHE,ETH,0.0
2025-10-15,ETH,ETH,0.0
2025-10-16,ETHA,ETH,46.9
2025-10-16,FETH,ETH,-11.6
2025-10-16,ETHW,ETH,-15.8
2025-10-16,TETH,ETH,0.0
2025-10-16,ETHV,ETH,0.0
2025-10-16,QETH,ETH,0.0
2025-10-16,EZET,ETH,-2.9
2025-10-16,ETHE,ETH,-69.0
2025-10-16,ETH,ETH,-4.4
2025-10-17,ETHA,ETH,-146.1
2025-10-17,FETH,ETH,-30.6
2025-10-17,ETHW,ETH,-20.6
2025-10-17,TETH,ETH,0.0
2025-10-17,ETHV,ETH,-4.2
2025-10-17,QETH,ETH,0.0
2025-10-17,EZET,ETH,0.0
2025-10-17,ETHE,ETH,-26.1
2025-10-17,ETH,ETH,-4.7
2025-10-20,ETHA,ETH,-117.9
2025-10-20,FETH,ETH,-27.8
2025-10-20,ETHW,ETH,0.0
2025-10-20,TETH,ETH,0.0
2025-10-20,ETHV,ETH,0.0
2025-10-20,QETH,ETH,0.0
2025-10-20,EZET,ETH,0.0
2025-10-20,ETHE,ETH,0.0
2025-10-20,ETH,ETH,0.0
2025-10-21,ETHA,ETH,42.5
2025-10-21,FETH,ETH,59.1
2025-10-21,ETHW,ETH,0.0
2025-10-21,TETH,ETH,0.0
2025-10-21,ETHV,ETH,4.4
2025-10-21,QETH,ETH,0.0
2025-10-21,EZET,ETH,0.0
2025-10-21,ETHE,ETH,13.1
2025-10-21,ETH,ETH,22.6
2025-10-22,ETHA,ETH,110.7
2025-10-22,FETH,ETH,-49.5
2025-10-22,ETHW,ETH,0.0
2025-10-22,TETH,ETH,0.0
2025-10-22,ETHV,ETH,0.0
2025-10-22,QETH,ETH,0.0
2025-10-22,EZET,ETH,0.0
2025-10-22,ETHE,ETH,-33.5
2025-10-22,ETH,ETH,-46.6
2025-10-23,ETHA,ETH,-23.4
2025-10-23,FETH,ETH,-77.0
2025-10-23,ETHW,ETH,-8.8
2025-10-23,TETH,ETH,0.0
2025-10-23,ETHV,ETH,-5.6
2025-10-23,QETH,ETH,0.0
2025-10-23,EZET,ETH,0.0
2025-10-23,ETHE,ETH,-5.7
2025-10-23,ETH,ETH,-6.9
2025-10-24,ETHA,ETH,-101.0
2025-10-24,FETH,ETH,0.0
2025-10-24,ETHW,ETH,0.0
2025-10-24,TETH,ETH,0.0
2025-10-24,ETHV,ETH,0.0
2025-10-24,QETH,ETH,0.0
2025-10-24,EZET,ETH,0.0
2025-10-24,ETHE,ETH,0.0
2025-10-24,ETH,ETH,7.4
2025-10-27,ETHA,ETH,72.5
2025-10-27,FETH,ETH,11.5
2025-10-27,ETHW,ETH,22.6
2025-10-27,TETH,ETH,0.0
2025-10-27,ETHV,ETH,4.6
2025-10-27,QETH,ETH,0.0
2025-10-27,EZET,ETH,0.0
2025-10-27,ETHE,ETH,6.9
2025-10-27,ETH,ETH,15.8
2025-10-28,ETHA,ETH,76.4
2025-10-28,FETH,ETH,99.3
2025-10-28,ETHW,ETH,0.0
2025-10-28,TETH,ETH,0.0
2025-10-28,ETHV,ETH,0.0
2025-10-28,QETH,ETH,0.0
2025-10-28,EZET,ETH,0.0
2025-10-28,ETHE,ETH,-2.7
2025-10-28,ETH,ETH,73.0
2025-10-29,ETHA,ETH,21.4
2025-10-29,FETH,ETH,-69.5
2025-10-29,ETHW,ETH,0.0
2025-10-29,TETH,ETH,0.0
2025-10-29,ETHV,ETH,-4.3
2025-10-29,QETH,ETH,0.0
2025-10-29,EZET,ETH,0.0
2025-10-29,ETHE,ETH,-12.8
2025-10-29,ETH,ETH,-16.2
2025-10-30,ETHA,ETH,-118.0
2025-10-30,FETH,ETH,-18.5
2025-10-30,ETHW,ETH,-31.1
2025-10-30,TETH,ETH,-3.2
2025-10-30,ETHV,ETH,-2.7
2025-10-30,QETH,ETH,-2.0
2025-10-30,EZET,ETH,-4.2
2025-10-30,ETHE,ETH,0.0
2025-10-30,ETH,ETH,-4.5
2025-10-31,ETHA,ETH,-38.6
2025-10-31,FETH,ETH,-27.1
2025-10-31,ETHW,ETH,-6.7
2025-10-31,TETH,ETH,0.0
2025-10-31,ETHV,ETH,0.0
2025-10-31,QETH,ETH,0.0
2025-10-31,EZET,ETH,0.0
2025-10-31,ETHE,ETH,-13.7
2025-10-31,ETH,ETH,-12.1
2025-11-03,ETHA,ETH,-81.7
2025-11-03,FETH,ETH,-25.1
2025-11-03,ETHW,ETH,-6.2
2025-11-03,TETH,ETH,0.0
2025-11-03,ETHV,ETH,-2.6
2025-11-03,QETH,ETH,0.0
2025-11-03,EZET,ETH,0.0
2025-11-03,ETHE,ETH,-15.0
2025-11-03,ETH,ETH,-5.1
2025-11-04,ETHA,ETH,-111.1
2025-11-04,FETH,ETH,-19.9
2025-11-04,ETHW,ETH,0.0
2025-11-04,TETH,ETH,0.0
2025-11-04,ETHV,ETH,0.0
2025-11-04,QETH,ETH,0.0
2025-11-04,EZET,ETH,0.0
2025-11-04,ETHE,ETH,-19.8
2025-11-04,ETH,ETH,-68.6
2025-11-05,ETHA,ETH,-146.6
2025-11-05,FETH,ETH,3.5
2025-11-05,ETHW,ETH,0.0
2025-11-05,TETH,ETH,0.5
2025-11-05,ETHV,ETH,0.0
2025-11-05,QETH,ETH,0.0
2025-11-05,EZET,ETH,0.0
2025-11-05,ETHE,ETH,0.0
2025-11-05,ETH,ETH,24.1
2025-11-06,ETHA,ETH,8.0
2025-11-06,FETH,ETH,4.9
2025-11-06,ETHW,ETH,3.1
2025-11-06,TETH,ETH,0.0
2025-11-06,ETHV,ETH,0.0
2025-11-06,QETH,ETH,0.0
2025-11-06,EZET,ETH,0.0
2025-11-06,ETHE,ETH,-3.5
2025-11-06,ETH,ETH,0.0
2025-11-07,ETHA,ETH,34.4
2025-11-07,FETH,ETH,-72.2
2025-11-07,ETHW,ETH,0.0
2025-11-07,TETH,ETH,0.0
2025-11-07,ETHV,ETH,0.0
2025-11-07,QETH,ETH,2.6
2025-11-07,EZET,ETH,0.0
2025-11-07,ETHE,ETH,0.0
2025-11-07,ETH,ETH,-11.4
2025-11-10,ETHA,ETH,0.0
2025-11-10,FETH,ETH,0.0
2025-11-10,ETHW,ETH,0.0
2025-11-10,TETH,ETH,0.0
2025-11-10,ETHV,ETH,0.0
2025-11-10,QETH,ETH,0.0
2025-11-10,EZET,ETH,0.0
2025-11-10,ETHE,ETH,0.0
2025-11-10,ETH,ETH,0.0
2025-11-11,ETHA,ETH,-19.8
2025-11-11,FETH,ETH,-3.4
2025-11-11,ETHW,ETH,-4.4
2025-11-11,TETH,ETH,0.0
2025-11-11,ETHV,ETH,-3.8
2025-11-11,QETH,ETH,0.0
2025-11-11,EZET,ETH,0.0
2025-11-11,ETHE,ETH,0.0
2025-11-11,ETH,ETH,-75.7
2025-11-12,ETHA,ETH,-91.0
2025-11-12,FETH,ETH,-19.6
2025-11-12,ETHW,ETH,0.0
2025-11-12,TETH,ETH,0.0
2025-11-12,ETHV,ETH,0.0
2025-11-12,QETH,ETH,0.0
2025-11-12,EZET,ETH,0.0
2025-11-12,ETHE,ETH,-49.3
2025-11-12,ETH,ETH,-23.8
2025-11-13,ETHA,ETH,-137.3
2025-11-13,FETH,ETH,-14.2
2025-11-13,ETHW,ETH,0.0
2025-11-13,TETH,ETH,0.0
2025-11-13,ETHV,ETH,0.0
2025-11-13,QETH,ETH,-4.4
2025-11-13,EZET,ETH,0.0
2025-11-13,ETHE,ETH,-67.9
2025-11-13,ETH,ETH,-35.8
2025-11-14,ETHA,ETH,-173.3
2025-11-14,FETH,ETH,0.0
2025-11-14,ETHW,ETH,0.0
2025-11-14,TETH,ETH,0.0
2025-11-14,ETHV,ETH,0.0
2025-11-14,QETH,ETH,0.0
2025-11-14,EZET,ETH,0.0
2025-11-14,ETHE,ETH,-4.6
2025-11-14,ETH,ETH,0.0
2025-11-17,ETHA,ETH,-193.0
2025-11-17,FETH,ETH,-3.0
2025-11-17,ETHW,ETH,0.0
2025-11-17,TETH,ETH,0.0
2025-11-17,ETHV,ETH,0.0
2025-11-17,QETH,ETH,0.0
2025-11-17,EZET,ETH,0.0
2025-11-17,ETHE,ETH,2.5
2025-11-17,ETH,ETH,10.8
2025-11-18,ETHA,ETH,-165.1
2025-11-18,FETH,ETH,0.0
2025-11-18,ETHW,ETH,19.1
2025-11-18,TETH,ETH,0.0
2025-11-18,ETHV,ETH,4.6
2025-11-18,QETH,ETH,0.0
2025-11-18,EZET,ETH,4.8
2025-11-18,ETHE,ETH,0.0
2025-11-18,ETH,ETH,62.4
2025-11-19,ETHA,ETH,-24.6
2025-11-19,FETH,ETH,0.0
2025-11-19,ETHW,ETH,0.0
2025-11-19,TETH,ETH,0.0
2025-11-19,ETHV,ETH,0.0
2025-11-19,QETH,ETH,2.9
2025-11-19,EZET,ETH,0.0
2025-11-19,ETHE,ETH,-15.7
2025-11-19,ETH,ETH,0.0
2025-11-20,ETHA,ETH,-122.6
2025-11-20,FETH,ETH,-90.5
2025-11-20,ETHW,ETH,-11.2
2025-11-20,TETH,ETH,0.0
2025-11-20,ETHV,ETH,-18.7
2025-11-20,QETH,ETH,0.0
2025-11-20,EZET,ETH,0.0
2025-11-20,ETHE,ETH,-18.6
2025-11-20,ETH,ETH,0.0
2025-11-21,ETHA,ETH,-53.7
2025-11-21,FETH,ETH,95.4
2025-11-21,ETHW,ETH,6.3
2025-11-21,TETH,ETH,0.0
2025-11-21,ETHV,ETH,0.0
2025-11-21,QETH,ETH,0.0
2025-11-21,EZET,ETH,0.0
2025-11-21,ETHE,ETH,0.0
2025-11-21,ETH,ETH,7.7
2025-11-24,ETHA,ETH,92.6
2025-11-24,FETH,ETH,-2.2
2025-11-24,ETHW,ETH,-4.3
2025-11-24,TETH,ETH,0.7
2025-11-24,ETHV,ETH,0.0
2025-11-24,QETH,ETH,0.0
2025-11-24,EZET,ETH,0.0
2025-11-24,ETHE,ETH,0.0
2025-11-24,ETH,ETH,9.8
2025-11-25,ETHA,ETH,46.1
2025-11-25,FETH,ETH,47.5
2025-11-25,ETHW,ETH,0.0
2025-11-25,TETH,ETH,0.0
2025-11-25,ETHV,ETH,0.0
2025-11-25,QETH,ETH,0.0
2025-11-25,EZET,ETH,0.0
2025-11-25,ETHE,ETH,-23.3
2025-11-25,ETH,ETH,8.3
2025-11-26,ETHA,ETH,50.2
2025-11-26,FETH,ETH,0.0
2025-11-26,ETHW,ETH,4.3
2025-11-26,TETH,ETH,0.0
2025-11-26,ETHV,ETH,0.0
2025-11-26,QETH,ETH,0.0
2025-11-26,EZET,ETH,0.0
2025-11-26,ETHE,ETH,0.0
2025-11-26,ETH,ETH,6.3
2025-11-28,ETHA,ETH,68.3
2025-11-28,FETH,ETH,0.0
2025-11-28,ETHW,ETH,0.0
2025-11-28,TETH,ETH,0.0
2025-11-28,ETHV,ETH,0.0
2025-11-28,QETH,ETH,0.0
2025-11-28,EZET,ETH,0.0
2025-11-28,ETHE,ETH,8.3
2025-11-28,ETH,ETH,0.0
2025-12-01,ETHA,ETH,26.7
2025-12-01,FETH,ETH,-31.6
2025-12-01,ETHW,ETH,0.0
2025-12-01,TETH,ETH,0.0
2025-12-01,ETHV,ETH,-4.0
2025-12-01,QETH,ETH,0.0
2025-12-01,EZET,ETH,0.0
2025-12-01,ETHE,ETH,-49.8
2025-12-01,ETH,ETH,-20.3
2025-12-02,ETHA,ETH,-88.7
2025-12-02,FETH,ETH,50.7
2025-12-02,ETHW,ETH,0.0
2025-12-02,TETH,ETH,0.0
2025-12-02,ETHV,ETH,0.0
2025-12-02,QETH,ETH,0.0
2025-12-02,EZET,ETH,0.0
2025-12-02,ETHE,ETH,0.0
2025-12-02,ETH,ETH,28.1
2025-12-03,ETHA,ETH,53.0
2025-12-03,FETH,ETH,34.4
2025-12-03,ETHW,ETH,4.5
2025-12-03,TETH,ETH,0.0
2025-12-03,ETHV,ETH,0.0
2025-12-03,QETH,ETH,0.0
2025-12-03,EZET,ETH,0.0
2025-12-03,ETHE,ETH,27.6
2025-12-03,ETH,ETH,20.7
2025-12-04,ETHA,ETH,28.4
2025-12-04,FETH,ETH,-17.9
2025-12-04,ETHW,ETH,0.0
2025-12-04,TETH,ETH,0.0
2025-12-04,ETHV,ETH,0.0
2025-12-04,QETH,ETH,0.0
2025-12-04,EZET,ETH,0.0
2025-12-04,ETHE,ETH,-31.0
2025-12-04,ETH,ETH,-21.0
2025-12-05,ETHA,ETH,-75.2
2025-12-05,FETH,ETH,0.0
2025-12-05,ETHW,ETH,0.0
2025-12-05,TETH,ETH,0.0
2025-12-05,ETHV,ETH,0.0
2025-12-05,QETH,ETH,0.0
2025-12-05,EZET,ETH,0.0
2025-12-05,ETHE,ETH,0.0
2025-12-05,ETH,ETH,0.0
2025-12-08,ETHA,ETH,23.7
2025-12-08,FETH,ETH,0.0
2025-12-08,ETHW,ETH,0.0
2025-12-08,TETH,ETH,0.0
2025-12-08,ETHV,ETH,0.0
2025-12-08,QETH,ETH,0.0
2025-12-08,EZET,ETH,0.0
2025-12-08,ETHE,ETH,0.0
2025-12-08,ETH,ETH,11.8
2025-12-09,ETHA,ETH,35.3
2025-12-09,FETH,ETH,51.5
2025-12-09,ETHW,ETH,17.9
2025-12-09,TETH,ETH,1.7
2025-12-09,ETHV,ETH,14.6
2025-12-09,QETH,ETH,0.0
2025-12-09,EZET,ETH,0.0
2025-12-09,ETHE,ETH,11.5
2025-12-09,ETH,ETH,45.2
2025-12-10,ETHA,ETH,56.5
2025-12-10,FETH,ETH,-6.8
2025-12-10,ETHW,ETH,0.0
2025-12-10,TETH,ETH,0.0
2025-12-10,ETHV,ETH,0.0
2025-12-10,QETH,ETH,0.0
2025-12-10,EZET,ETH,0.0
2025-12-10,ETHE,ETH,0.0
2025-12-10,ETH,ETH,7.9
2025-12-11,ETHA,ETH,0.0
2025-12-11,FETH,ETH,-3.2
2025-12-11,ETHW,ETH,0.0
2025-12-11,TETH,ETH,2.1
2025-12-11,ETHV,ETH,0.0
2025-12-11,QETH,ETH,0.0
2025-12-11,EZET,ETH,0.0
2025-12-11,ETHE,ETH,-31.2
2025-12-11,ETH,ETH,-10.0
2025-12-12,ETHA,ETH,23.2
2025-12-12,FETH,ETH,-6.1
2025-12-12,ETHW,ETH,0.0
2025-12-12,TETH,ETH,0.0
2025-12-12,ETHV,ETH,0.0
2025-12-12,QETH,ETH,0.0
2025-12-12,EZET,ETH,0.0
2025-12-12,ETHE,ETH,-14.4
2025-12-12,ETH,ETH,-22.1
2025-12-15,ETHA,ETH,-139.1
2025-12-15,FETH,ETH,-11.0
2025-12-15,ETHW,ETH,-13.0
2025-12-15,TETH,ETH,0.0
2025-12-15,ETHV,ETH,-6.4
2025-12-15,QETH,ETH,0.0
2025-12-15,EZET,ETH,0.0
2025-12-15,ETHE,ETH,-35.1
2025-12-15,ETH,ETH,-20.2
2025-12-16,ETHA,ETH,-221.3
2025-12-16,FETH,ETH,-2.9
2025-12-16,ETHW,ETH,0.0
2025-12-16,TETH,ETH,0.0
2025-12-16,ETHV,ETH,0.0
2025-12-16,QETH,ETH,0.0
2025-12-16,EZET,ETH,0.0
2025-12-16,ETHE,ETH,0.0
2025-12-16,ETH,ETH,0.0
2025-12-17,ETHA,ETH,-19.6
2025-12-17,FETH,ETH,-2.8
2025-12-17,ETHW,ETH,0.0
2025-12-17,TETH,ETH,0.0
2025-12-17,ETHV,ETH,0.0
2025-12-17,QETH,ETH,0.0
2025-12-17,EZET,ETH,0.0
2025-12-17,ETHE,ETH,0.0
2025-12-17,ETH,ETH,0.0
2025-12-18,ETHA,ETH,-102.2
2025-12-18,FETH,ETH,0.0
2025-12-18,ETHW,ETH,0.0
2025-12-18,TETH,ETH,0.0
2025-12-18,ETHV,ETH,0.0
2025-12-18,QETH,ETH,0.0
2025-12-18,EZET,ETH,0.0
2025-12-18,ETHE,ETH,2.7
2025-12-18,ETH,ETH,2.9
2025-12-19,ETHA,ETH,-75.9
2025-12-19,FETH,ETH,0.0
2025-12-19,ETHW,ETH,0.0
2025-12-19,TETH,ETH,0.0
2025-12-19,ETHV,ETH,0.0
2025-12-19,QETH,ETH,0.0
2025-12-19,EZET,ETH,0.0
2025-12-19,ETHE,ETH,0.0
2025-12-19,ETH,ETH,0.0
2025-12-22,ETHA,ETH,0.0
2025-12-22,FETH,ETH,0.0
2025-12-22,ETHW,ETH,0.0
2025-12-22,TETH,ETH,0.0
2025-12-22,ETHV,ETH,0.0
2025-12-22,QETH,ETH,0.0
2025-12-22,EZET,ETH,0.0
2025-12-22,ETHE,ETH,53.7
2025-12-22,ETH,ETH,30.9
2025-12-23,ETHA,ETH,-25.0
2025-12-23,FETH,ETH,0.0
2025-12-23,ETHW,ETH,-14.0
2025-12-23,TETH,ETH,0.0
2025-12-23,ETHV,ETH,0.0
2025-12-23,QETH,ETH,0.0
2025-12-23,EZET,ETH,-5.6
2025-12-23,ETHE,ETH,-50.9
2025-12-23,ETH,ETH,0.0
2025-12-24,ETHA,ETH,-22.3
2025-12-24,FETH,ETH,0.0
2025-12-24,ETHW,ETH,0.0
2025-12-24,TETH,ETH,0.0
2025-12-24,ETHV,ETH,0.0
2025-12-24,QETH,ETH,0.0
2025-12-24,EZET,ETH,0.0
2025-12-24,ETHE,ETH,-33.8
2025-12-24,ETH,ETH,3.3
2025-12-26,ETHA,ETH,-22.1
2025-12-26,FETH,ETH,0.0
2025-12-26,ETHW,ETH,0.0
2025-12-26,TETH,ETH,0.0
2025-12-26,ETHV,ETH,0.0
2025-12-26,QETH,ETH,0.0
2025-12-26,EZET,ETH,0.0
2025-12-26,ETHE,ETH,-16.6
2025-12-26,ETH,ETH,0.0
2025-12-29,ETHA,ETH,-13.3
2025-12-29,FETH,ETH,3.7
2025-12-29,ETHW,ETH,0.0
2025-12-29,TETH,ETH,0.0
2025-12-29,ETHV,ETH,0.0
2025-12-29,QETH,ETH,0.0
2025-12-29,EZET,ETH,0.0
2025-12-29,ETHE,ETH,0.0
2025-12-29,ETH,ETH,0.0
2025-12-30,ETHA,ETH,0.0
2025-12-30,FETH,ETH,3.7
2025-12-30,ETHW,ETH,0.0
2025-12-30,TETH,ETH,0.0
2025-12-30,ETHV,ETH,0.0
2025-12-30,QETH,ETH,0.0
2025-12-30,EZET,ETH,0.0
2025-12-30,ETHE,ETH,50.2
2025-12-30,ETH,ETH,14.0
2025-12-31,ETHA,ETH,-21.5
2025-12-31,FETH,ETH,-2.2
2025-12-31,ETHW,ETH,0.0
2025-12-31,TETH,ETH,0.0
2025-12-31,ETHV,ETH,-14.1
2025-12-31,QETH,ETH,0.0
2025-12-31,EZET,ETH,-2.2
2025-12-31,ETHE,ETH,0.0
2025-12-31,ETH,ETH,-32.0
2026-01-02,ETHA,ETH,47.2
2026-01-02,FETH,ETH,0.0
2026-01-02,ETHW,ETH,19.0
2026-01-02,TETH,ETH,0.0
2026-01-02,ETHV,ETH,4.6
2026-01-02,QETH,ETH,0.0
2026-01-02,EZET,ETH,0.0
2026-01-02,ETHE,ETH,53.7
2026-01-02,ETH,ETH,50.0
2026-01-05,ETHA,ETH,102.9
2026-01-05,FETH,ETH,21.8
2026-01-05,ETHW,ETH,19.7
2026-01-05,TETH,ETH,0.0
2026-01-05,ETHV,ETH,0.0
2026-01-05,QETH,ETH,0.0
2026-01-05,EZET,ETH,0.0
2026-01-05,ETHE,ETH,1.3
2026-01-05,ETH,ETH,22.3
2026-01-06,ETHA,ETH,198.8
2026-01-06,FETH,ETH,-1.6
2026-01-06,ETHW,ETH,1.4
2026-01-06,TETH,ETH,1.6
2026-01-06,ETHV,ETH,0.0
2026-01-06,QETH,ETH,0.0
2026-01-06,EZET,ETH,0.0
2026-01-06,ETHE,ETH,-53.0
2026-01-06,ETH,ETH,-32.5
2026-01-07,ETHA,ETH,-6.6
2026-01-07,FETH,ETH,-13.3
2026-01-07,ETHW,ETH,-11.2
2026-01-07,TETH,ETH,0.0
2026-01-07,ETHV,ETH,-4.6
2026-01-07,QETH,ETH,0.0
2026-01-07,EZET,ETH,2.4
2026-01-07,ETHE,ETH,-52.0
2026-01-07,ETH,ETH,-13.0
2026-01-08,ETHA,ETH,-107.7
2026-01-08,FETH,ETH,-4.6
2026-01-08,ETHW,ETH,0.0
2026-01-08,TETH,ETH,0.0
2026-01-08,ETHV,ETH,-2.3
2026-01-08,QETH,ETH,0.0
2026-01-08,EZET,ETH,0.0
2026-01-08,ETHE,ETH,-31.7
2026-01-08,ETH,ETH,-12.9
2026-01-09,ETHA,ETH,-83.8
2026-01-09,FETH,ETH,0.0
2026-01-09,ETHW,ETH,0.0
2026-01-09,TETH,ETH,0.0
2026-01-09,ETHV,ETH,0.0
2026-01-09,QETH,ETH,0.0
2026-01-09,EZET,ETH,0.0
2026-01-09,ETHE,ETH,-10.0
2026-01-09,ETH,ETH,0.0
2026-01-12,ETHA,ETH,-79.9
2026-01-12,FETH,ETH,0.0
2026-01-12,ETHW,ETH,0.0
2026-01-12,TETH,ETH,5.0
2026-01-12,ETHV,ETH,0.0
2026-01-12,QETH,ETH,0.0
2026-01-12,EZET,ETH,0.0
2026-01-12,ETHE,ETH,50.7
2026-01-12,ETH,ETH,29.3
2026-01-13,ETHA,ETH,53.3
2026-01-13,FETH,ETH,14.4
2026-01-13,ETHW,ETH,23.0
2026-01-13,TETH,ETH,0.0
2026-01-13,ETHV,ETH,0.0
2026-01-13,QETH,ETH,0.0
2026-01-13,EZET,ETH,0.0
2026-01-13,ETHE,ETH,3.9
2026-01-13,ETH,ETH,35.4
2026-01-14,ETHA,ETH,81.6
2026-01-14,FETH,ETH,5.9
2026-01-14,ETHW,ETH,8.0
2026-01-14,TETH,ETH,0.0
2026-01-14,ETHV,ETH,3.7
2026-01-14,QETH,ETH,0.0
2026-01-14,EZET,ETH,0.0
2026-01-14,ETHE,ETH,32.4
2026-01-14,ETH,ETH,43.5
2026-01-15,ETHA,ETH,149.2
2026-01-15,FETH,ETH,0.0
2026-01-15,ETHW,ETH,0.0
2026-01-15,TETH,ETH,0.0
2026-01-15,ETHV,ETH,0.0
2026-01-15,QETH,ETH,0.0
2026-01-15,EZET,ETH,0.0
2026-01-15,ETHE,ETH,0.0
2026-01-15,ETH,ETH,15.2
2026-01-16,ETHA,ETH,14.9
2026-01-16,FETH,ETH,0.0
2026-01-16,ETHW,ETH,0.0
2026-01-16,TETH,ETH,0.0
2026-01-16,ETHV,ETH,0.0
2026-01-16,QETH,ETH,0.0
2026-01-16,EZET,ETH,0.0
2026-01-16,ETHE,ETH,-10.2
2026-01-16,ETH,ETH,0.0
2026-01-20,ETHA,ETH,-92.3
2026-01-20,FETH,ETH,-51.5
2026-01-20,ETHW,ETH,-31.1
2026-01-20,TETH,ETH,0.0
2026-01-20,ETHV,ETH,-5.5
2026-01-20,QETH,ETH,0.0
2026-01-20,EZET,ETH,0.0
2026-01-20,ETHE,ETH,-38.5
2026-01-20,ETH,ETH,-11.1
2026-01-21,ETHA,ETH,-250.3
2026-01-21,FETH,ETH,-30.9
2026-01-21,ETHW,ETH,0.0
2026-01-21,ETHV,ETH,-4.4
2026-01-21,QETH,ETH,0.0
2026-01-21,EZET,ETH,0.0
2026-01-21,ETHE,ETH,-11.4
2026-01-21,ETH,ETH,10.0
2026-01-22,ETHA,ETH,-44.4
2026-01-22,FETH,ETH,0.0
2026-01-22,ETHW,ETH,-15.2
2026-01-22,TETH,ETH,0.0
2026-01-22,ETHV,ETH,0.0
2026-01-22,QETH,ETH,0.0
2026-01-22,EZET,ETH,0.0
2026-01-22,ETHE,ETH,7.9
2026-01-22,ETH,ETH,9.7
2026-01-23,ETHA,ETH,-44.5
2026-01-23,FETH,ETH,4.4
2026-01-23,ETHW,ETH,0.0
2026-01-23,TETH,ETH,0.0
2026-01-23,ETHV,ETH,0.0
2026-01-23,QETH,ETH,0.0
2026-01-23,EZET,ETH,0.0
2026-01-23,ETHE,ETH,-10.8
2026-01-23,ETH,ETH,9.2
2026-01-26,ETHA,ETH,-20.2
2026-01-26,FETH,ETH,137.2
2026-01-26,ETHW,ETH,0.0
2026-01-26,TETH,ETH,0.0
2026-01-26,ETHV,ETH,0.0
2026-01-26,QETH,ETH,0.0
2026-01-26,EZET,ETH,0.0
2026-01-26,ETHE,ETH,0.0
2026-01-26,ETH,ETH,0.0
2026-01-27,ETHA,ETH,-59.0
2026-01-27,FETH,ETH,0.0
2026-01-27,ETHW,ETH,0.0
2026-01-27,TETH,ETH,0.0
2026-01-27,ETHV,ETH,0.0
2026-01-27,QETH,ETH,0.0
2026-01-27,EZET,ETH,0.0
2026-01-27,ETHE,ETH,-14.6
2026-01-27,ETH,ETH,10.0
2026-01-28,ETHA,ETH,27.3
2026-01-28,FETH,ETH,0.8
2026-01-28,ETHW,ETH,0.0
2026-01-28,TETH,ETH,0.0
2026-01-28,ETHV,ETH,0.0
2026-01-28,QETH,ETH,0.0
2026-01-28,EZET,ETH,0.0
2026-01-28,ETH,ETH,0.0
2026-01-29,ETHA,ETH,-54.9
2026-01-29,FETH,ETH,-59.2
2026-01-29,ETHW,ETH,-2.0
2026-01-29,TETH,ETH,0.0
2026-01-29,ETHV,ETH,0.0
2026-01-29,QETH,ETH,0.0
2026-01-29,EZET,ETH,0.0
2026-01-29,ETHE,ETH,-13.1
2026-01-29,ETH,ETH,-26.5
2026-01-30,ETHA,ETH,-157.2
2026-01-30,FETH,ETH,-95.7
2026-01-30,ETHW,ETH,0.0
2026-01-30,TETH,ETH,0.0
2026-01-30,ETHV,ETH,0.0
2026-01-30,QETH,ETH,0.0
2026-01-30,EZET,ETH,0.0
2026-01-30,ETHE,ETH,0.0
2026-01-30,ETH,ETH,0.0
2026-02-02,ETHA,ETH,-82.1
2026-02-02,FETH,ETH,66.6
2026-02-02,ETHW,ETH,5.0
2026-02-02,TETH,ETH,0.0
2026-02-02,ETHV,ETH,7.6
2026-02-02,QETH,ETH,0.0
2026-02-02,EZET,ETH,0.0
2026-02-02,ETHE,ETH,0.0
2026-02-02,ETH,ETH,0.0
2026-02-03,ETHA,ETH,42.9
2026-02-03,FETH,ETH,-54.8
2026-02-03,ETHW,ETH,0.0
2026-02-03,TETH,ETH,0.0
2026-02-03,ETHV,ETH,-2.5
2026-02-03,QETH,ETH,1.1
2026-02-03,EZET,ETH,0.0
2026-02-03,ETHE,ETH,8.2
2026-02-03,ETH,ETH,19.1
2026-02-04,ETHA,ETH,-58.9
2026-02-04,FETH,ETH,-20.5
2026-02-04,ETHW,ETH,0.0
2026-02-04,TETH,ETH,0.0
2026-02-04,ETHV,ETH,0.0
2026-02-04,QETH,ETH,0.0
2026-02-04,EZET,ETH,0.0
2026-02-04,ETHE,ETH,0.0
2026-02-04,ETH,ETH,0.0
2026-02-05,ETHA,ETH,-8.5
2026-02-05,FETH,ETH,-55.8
2026-02-05,ETHW,ETH,0.0
2026-02-05,TETH,ETH,0.0
2026-02-05,ETHV,ETH,0.0
2026-02-05,QETH,ETH,3.5
2026-02-05,EZET,ETH,0.0
2026-02-05,ETHE,ETH,-27.1
2026-02-05,ETH,ETH,7.1
2026-02-06,ETHA,ETH,-45.4
2026-02-06,FETH,ETH,4.6
2026-02-06,ETHW,ETH,11.8
2026-02-06,TETH,ETH,0.0
2026-02-06,ETHV,ETH,3.0
2026-02-06,QETH,ETH,2.5
2026-02-06,EZET,ETH,0.0
2026-02-06,ETHE,ETH,0.0
2026-02-06,ETH,ETH,6.8
2026-02-09,ETHA,ETH,-45.0
2026-02-09,FETH,ETH,67.3
2026-02-09,ETHW,ETH,-9.9
2026-02-09,TETH,ETH,0.0
2026-02-09,ETHV,ETH,0.0
2026-02-09,QETH,ETH,0.0
2026-02-09,EZET,ETH,0.0
2026-02-09,ETHE,ETH,0.0
2026-02-09,ETH,ETH,44.6
2026-02-10,ETHA,ETH,0.0
2026-02-10,FETH,ETH,0.5
2026-02-10,ETHW,ETH,0.0
2026-02-10,TETH,ETH,0.0
2026-02-10,ETHV,ETH,0.0
2026-02-10,QETH,ETH,0.0
2026-02-10,EZET,ETH,0.0
2026-02-10,ETHE,ETH,0.0
2026-02-10,ETH,ETH,13.3
2026-02-11,ETHA,ETH,-29.4
2026-02-11,FETH,ETH,-67.1
2026-02-11,ETHW,ETH,-16.7
2026-02-11,TETH,ETH,0.0
2026-02-11,ETHV,ETH,0.0
2026-02-11,QETH,ETH,0.0
2026-02-11,EZET,ETH,0.0
2026-02-11,ETHE,ETH,-11.5
2026-02-11,ETH,ETH,-4.4
2026-02-12,ETHA,ETH,-29.0
2026-02-12,FETH,ETH,-43.5
2026-02-12,ETHW,ETH,-6.2
2026-02-12,TETH,ETH,-2.9
2026-02-12,ETHV,ETH,0.0
2026-02-12,QETH,ETH,0.0
2026-02-12,EZET,ETH,0.0
2026-02-12,ETHE,ETH,-13.4
2026-02-12,ETH,ETH,-18.1
2026-02-13,ETHA,ETH,-9.3
2026-02-13,FETH,ETH,2.0
2026-02-13,ETHW,ETH,0.0
2026-02-13,TETH,ETH,0.0
2026-02-13,ETHV,ETH,3.0
2026-02-13,QETH,ETH,0.0
2026-02-13,EZET,ETH,0.0
2026-02-13,ETHE,ETH,0.0
2026-02-13,ETH,ETH,14.5
2026-02-17,ETHA,ETH,22.9
2026-02-17,FETH,ETH,14.4
2026-02-17,ETHW,ETH,0.0
2026-02-17,TETH,ETH,0.0
2026-02-17,ETHV,ETH,0.0
2026-02-17,QETH,ETH,0.0
2026-02-17,EZET,ETH,0.0
2026-02-17,ETHE,ETH,0.0
2026-02-17,ETH,ETH,11.3
2026-02-18,ETHA,ETH,-29.9
2026-02-18,FETH,ETH,-8.2
2026-02-18,ETHW,ETH,0.0
2026-02-18,TETH,ETH,0.0
2026-02-18,ETHV,ETH,0.0
2026-02-18,QETH,ETH,-3.7
2026-02-18,EZET,ETH,0.0
2026-02-18,ETHE,ETH,0.0
2026-02-18,ETH,ETH,0.0
2026-02-19,ETHA,ETH,-96.8
2026-02-19,FETH,ETH,-11.6
2026-02-19,ETHW,ETH,-3.3
2026-02-19,TETH,ETH,0.0
2026-02-19,ETHV,ETH,0.0
2026-02-19,QETH,ETH,0.0
2026-02-19,EZET,ETH,0.0
2026-02-19,ETHE,ETH,0.0
2026-02-19,ETH,ETH,-18.4
2026-02-20,ETHA,ETH,1.8
2026-02-20,FETH,ETH,-2.5
2026-02-20,ETHW,ETH,0.0
2026-02-20,TETH,ETH,0.7
2026-02-20,ETHV,ETH,0.0
2026-02-20,QETH,ETH,0.0
2026-02-20,EZET,ETH,0.0
2026-02-20,ETHE,ETH,0.0
2026-02-20,ETH,ETH,0.0
2026-02-23,ETHA,ETH,-45.4
2026-02-23,FETH,ETH,-1.4
2026-02-23,ETHW,ETH,0.0
2026-02-23,TETH,ETH,0.0
2026-02-23,ETHV,ETH,-2.7
2026-02-23,QETH,ETH,0.0
2026-02-23,EZET,ETH,0.0
2026-02-23,ETHE,ETH,0.0
2026-02-23,ETH,ETH,0.0
2026-02-24,ETHA,ETH,0.0
2026-02-24,FETH,ETH,-1.9
2026-02-24,ETHW,ETH,0.0
2026-02-24,TETH,ETH,0.0
2026-02-24,ETHV,ETH,0.0
2026-02-24,QETH,ETH,0.0
2026-02-24,EZET,ETH,0.0
2026-02-24,ETHE,ETH,0.0
2026-02-24,ETH,ETH,11.1
2026-02-25,ETHA,ETH,31.3
2026-02-25,FETH,ETH,61.9
2026-02-25,ETHW,ETH,1.5
2026-02-25,TETH,ETH,0.0
2026-02-25,ETHV,ETH,3.0
2026-02-25,QETH,ETH,0.0
2026-02-25,EZET,ETH,0.0
2026-02-25,ETHE,ETH,33.9
2026-02-25,ETH,ETH,25.6
2026-02-26,ETHA,ETH,15.3
2026-02-26,FETH,ETH,-19.2
2026-02-26,ETHW,ETH,0.0
2026-02-26,TETH,ETH,7.6
2026-02-26,ETHV,ETH,0.0
2026-02-26,QETH,ETH,-2.2
2026-02-26,EZET,ETH,0.0
2026-02-26,ETHE,ETH,6.6
2026-02-26,ETH,ETH,-1.5
2026-02-27,ETHA,ETH,-43.0
2026-02-27,FETH,ETH,0.0
2026-02-27,ETHW,ETH,0.0
2026-02-27,TETH,ETH,0.0
2026-02-27,ETHV,ETH,0.0
2026-02-27,QETH,ETH,0.0
2026-02-27,EZET,ETH,0.0
2026-02-27,ETHE,ETH,0.0
2026-02-27,ETH,ETH,0.0
2026-03-02,ETHA,ETH,26.5
2026-03-02,FETH,ETH,1.0
2026-03-02,ETHW,ETH,2.2
2026-03-02,TETH,ETH,0.0
2026-03-02,ETHV,ETH,0.0
2026-03-02,QETH,ETH,0.0
2026-03-02,EZET,ETH,0.0
2026-03-02,ETHE,ETH,4.2
2026-03-02,ETH,ETH,4.8
2026-03-03,ETHA,ETH,41.9
2026-03-03,FETH,ETH,-66.7
2026-03-03,ETHW,ETH,0.0
2026-03-03,TETH,ETH,0.0
2026-03-03,ETHV,ETH,0.0
2026-03-03,QETH,ETH,0.0
2026-03-03,EZET,ETH,0.0
2026-03-03,ETHE,ETH,-4.7
2026-03-03,ETH,ETH,18.7
2026-03-04,ETHA,ETH,39.3
2026-03-04,FETH,ETH,30.3
2026-03-04,ETHW,ETH,8.9
2026-03-04,TETH,ETH,0.0
2026-03-04,ETHV,ETH,9.5
2026-03-04,QETH,ETH,0.0
2026-03-04,EZET,ETH,0.0
2026-03-04,ETHE,ETH,21.9
2026-03-04,ETH,ETH,59.5
2026-03-05,ETHA,ETH,30.3
2026-03-05,FETH,ETH,-115.0
2026-03-05,ETHW,ETH,-3.6
2026-03-05,TETH,ETH,-5.2
2026-03-05,ETHV,ETH,-3.8
2026-03-05,QETH,ETH,2.7
2026-03-05,EZET,ETH,0.0
2026-03-05,ETHE,ETH,-3.4
2026-03-05,ETH,ETH,7.1
2026-03-06,ETHA,ETH,-4.8
2026-03-06,FETH,ETH,-67.6
2026-03-06,ETHW,ETH,0.0
2026-03-06,TETH,ETH,0.0
2026-03-06,ETHV,ETH,-2.9
2026-03-06,QETH,ETH,0.0
2026-03-06,EZET,ETH,0.0
2026-03-06,ETHE,ETH,-1.6
2026-03-06,ETH,ETH,-6.0
2026-03-09,ETHA,ETH,-55.1
2026-03-09,FETH,ETH,16.2
2026-03-09,ETHW,ETH,0.0
2026-03-09,TETH,ETH,1.0
2026-03-09,ETHV,ETH,0.0
2026-03-09,QETH,ETH,0.0
2026-03-09,EZET,ETH,0.0
2026-03-09,ETHE,ETH,-13.4
2026-03-09,ETH,ETH,0.0
2026-03-10,ETHA,ETH,0.0
2026-03-10,FETH,ETH,10.7
2026-03-10,ETHW,ETH,0.0
2026-03-10,TETH,ETH,0.0
2026-03-10,ETHV,ETH,0.0
2026-03-10,QETH,ETH,0.0
2026-03-10,EZET,ETH,0.0
2026-03-10,ETHE,ETH,0.0
2026-03-10,ETH,ETH,1.9
2026-03-11,ETHA,ETH,18.8
2026-03-11,ETHB,ETH,0.0
2026-03-11,FETH,ETH,19.1
2026-03-11,ETHW,ETH,0.0
2026-03-11,TETH,ETH,0.0
2026-03-11,ETHV,ETH,0.0
2026-03-11,QETH,ETH,0.0
2026-03-11,EZET,ETH,0.0
2026-03-11,ETHE,ETH,0.0
2026-03-11,ETH,ETH,19.1
2026-03-12,ETHA,ETH,18.7
2026-03-12,ETHB,ETH,43.5
2026-03-12,FETH,ETH,52.0
2026-03-12,ETHW,ETH,0.9
2026-03-12,TETH,ETH,0.0
2026-03-12,ETHV,ETH,0.0
2026-03-12,QETH,ETH,0.0
2026-03-12,EZET,ETH,0.8
2026-03-12,ETHE,ETH,0.0
2026-03-12,ETH,ETH,0.0
2026-03-13,ETHA,ETH,32.4
2026-03-13,ETHB,ETH,2.2
2026-03-13,FETH,ETH,-7.9
2026-03-13,ETHW,ETH,0.0
2026-03-13,TETH,ETH,0.0
2026-03-13,ETHV,ETH,0.0
2026-03-13,QETH,ETH,0.0
2026-03-13,EZET,ETH,0.0
2026-03-13,ETHE,ETH,0.0
2026-03-13,ETH,ETH,0.0
2026-03-16,ETHA,ETH,-16.2
2026-03-16,ETHB,ETH,32.4
2026-03-16,FETH,ETH,34.9
2026-03-16,ETHW,ETH,0.0
2026-03-16,TETH,ETH,0.0
2026-03-16,ETHV,ETH,0.0
2026-03-16,QETH,ETH,0.0
2026-03-16,EZET,ETH,0.0
2026-03-16,ETHE,ETH,-15.2
2026-03-16,ETH,ETH,0.0
2026-03-17,ETHA,ETH,81.7
2026-03-17,ETHB,ETH,67.2
2026-03-17,FETH,ETH,-35.5
2026-03-17,ETHW,ETH,0.0
2026-03-17,TETH,ETH,0.0
2026-03-17,ETHV,ETH,0.0
2026-03-17,QETH,ETH,0.0
2026-03-17,EZET,ETH,0.0
2026-03-17,ETHE,ETH,9.4
2026-03-17,ETH,ETH,15.4
2026-03-18,ETHA,ETH,-1.3
2026-03-18,ETHB,ETH,1.1
2026-03-18,FETH,ETH,-37.1
2026-03-18,ETHW,ETH,-4.7
2026-03-18,TETH,ETH,0.0
2026-03-18,ETHV,ETH,-4.8
2026-03-18,QETH,ETH,0.0
2026-03-18,EZET,ETH,0.0
2026-03-18,ETHE,ETH,-8.9
2026-03-18,ETH,ETH,0.0
2026-03-19,ETHA,ETH,-102.3
2026-03-19,ETHB,ETH,7.7
2026-03-19,FETH,ETH,-11.8
2026-03-19,ETHW,ETH,-5.8
2026-03-19,TETH,ETH,-5.2
2026-03-19,ETHV,ETH,-7.1
2026-03-19,QETH,ETH,-3.4
2026-03-19,EZET,ETH,0.0
2026-03-19,ETHE,ETH,0.0
2026-03-19,ETH,ETH,-8.5
2026-03-20,ETHA,ETH,-31.5
2026-03-20,ETHB,ETH,5.5
2026-03-20,FETH,ETH,-12.2
2026-03-20,ETHW,ETH,0.0
2026-03-20,TETH,ETH,-0.7
2026-03-20,ETHV,ETH,0.0
2026-03-20,QETH,ETH,0.0
2026-03-20,EZET,ETH,-0.8
2026-03-20,ETHE,ETH,-2.3
2026-03-20,ETH,ETH,0.0
2026-03-23,ETHA,ETH,-15.7
2026-03-23,ETHB,ETH,1.1
2026-03-23,FETH,ETH,-1.6
2026-03-23,ETHW,ETH,0.0
2026-03-23,TETH,ETH,0.0
2026-03-23,ETHV,ETH,0.0
2026-03-23,QETH,ETH,0.0
2026-03-23,EZET,ETH,0.0
2026-03-23,ETHE,ETH,0.0
2026-03-23,ETH,ETH,0.0
2026-03-24,ETHA,ETH,-25.0
2026-03-24,ETHB,ETH,2.2
2026-03-24,FETH,ETH,-5.8
2026-03-24,ETHW,ETH,-1.5
2026-03-24,TETH,ETH,1.1
2026-03-24,QETH,ETH,0.0
2026-03-24,EZET,ETH,0.0
2026-03-24,ETHE,ETH,-1.7
2026-03-24,ETH,ETH,-10.0
2026-03-25,ETHA,ETH,-33.4
2026-03-25,ETHB,ETH,1.1
2026-03-25,FETH,ETH,23.8
2026-03-25,ETHW,ETH,0.0
2026-03-25,TETH,ETH,0.0
2026-03-25,ETHV,ETH,0.0
2026-03-25,QETH,ETH,0.0
2026-03-25,EZET,ETH,0.0
2026-03-25,ETHE,ETH,0.0
2026-03-25,ETH,ETH,0.0
2026-03-26,ETHA,ETH,-140.2
2026-03-26,ETHB,ETH,96.8
2026-03-26,FETH,ETH,-24.0
2026-03-26,ETHW,ETH,-5.1
2026-03-26,TETH,ETH,0.0
2026-03-26,ETHV,ETH,0.0
2026-03-26,QETH,ETH,0.0
2026-03-26,EZET,ETH,0.0
2026-03-26,ETHE,ETH,-13.8
2026-03-26,ETH,ETH,-6.2
2026-03-27,ETHA,ETH,-70.8
2026-03-27,ETHB,ETH,39.9
2026-03-27,FETH,ETH,-8.9
2026-03-27,ETHW,ETH,0.0
2026-03-27,TETH,ETH,0.0
2026-03-27,ETHV,ETH,0.0
2026-03-27,QETH,ETH,0.0
2026-03-27,EZET,ETH,0.0
2026-03-27,ETHE,ETH,0.0
2026-03-27,ETH,ETH,-8.7
2026-03-30,ETHA,ETH,-9.8
2026-03-30,ETHB,ETH,4.2
2026-03-30,FETH,ETH,10.6
2026-03-30,ETHW,ETH,0.0
2026-03-30,TETH,ETH,0.0
2026-03-30,ETHV,ETH,0.0
2026-03-30,QETH,ETH,0.0
2026-03-30,EZET,ETH,0.0
2026-03-30,ETHE,ETH,0.0
2026-03-30,ETH,ETH,0.0
2026-03-31,ETHA,ETH,24.7
2026-03-31,ETHB,ETH,1.1
2026-03-31,FETH,ETH,1.6
2026-03-31,ETHW,ETH,1.2
2026-03-31,TETH,ETH,2.6
2026-03-31,ETHV,ETH,0.0
2026-03-31,QETH,ETH,0.0
2026-03-31,EZET,ETH,0.0
2026-03-31,ETHE,ETH,0.0
2026-03-31,ETH,ETH,0.0
2026-04-01,ETHA,ETH,-32.3
2026-04-01,ETHB,ETH,5.5
2026-04-01,FETH,ETH,-11.7
2026-04-01,ETHW,ETH,4.3
2026-04-01,TETH,ETH,3.2
2026-04-01,ETHV,ETH,0.0
2026-04-01,QETH,ETH,0.0
2026-04-01,EZET,ETH,0.0
2026-04-01,ETHE,ETH,17.4
2026-04-01,ETH,ETH,6.5
2026-04-02,ETHA,ETH,-46.7
2026-04-02,ETHB,ETH,0.0
2026-04-02,FETH,ETH,-7.7
2026-04-02,ETHW,ETH,0.0
2026-04-02,TETH,ETH,0.0
2026-04-02,ETHV,ETH,0.0
2026-04-02,QETH,ETH,0.0
2026-04-02,EZET,ETH,0.0
2026-04-02,ETHE,ETH,-16.8
2026-04-02,ETH,ETH,0.0
2026-04-06,ETHA,ETH,60.8
2026-04-06,ETHB,ETH,0.0
2026-04-06,FETH,ETH,40.1
2026-04-06,ETHW,ETH,0.0
2026-04-06,TETH,ETH,2.1
2026-04-06,ETHV,ETH,0.0
2026-04-06,QETH,ETH,0.0
2026-04-06,EZET,ETH,0.0
2026-04-06,ETHE,ETH,2.8
2026-04-06,ETH,ETH,14.4
2026-04-07,ETHA,ETH,-16.5
2026-04-07,ETHB,ETH,0.0
2026-04-07,FETH,ETH,-48.2
2026-04-07,ETHW,ETH,0.0
2026-04-07,TETH,ETH,0.0
2026-04-07,ETHV,ETH,0.0
2026-04-07,QETH,ETH,0.0
2026-04-07,EZET,ETH,0.0
2026-04-07,ETHE,ETH,0.0
2026-04-07,ETH,ETH,0.0
2026-04-08,ETHA,ETH,-20.6
2026-04-08,ETHB,ETH,44.2
2026-04-08,FETH,ETH,-32.4
2026-04-08,ETHW,ETH,0.0
2026-04-08,TETH,ETH,2.0
2026-04-08,ETHV,ETH,0.0
2026-04-08,QETH,ETH,0.0
2026-04-08,EZET,ETH,0.0
2026-04-08,ETHE,ETH,-6.1
2026-04-08,ETH,ETH,-5.7
